Workbook

Sheet Summary
A1: Tutor Ohm - LLM Benchmark Summary
A2: Generated: 2026-01-13 22:49:25.477322
A4: Overall Statistics
A6: Total Evaluations | B6: 357
A7: Models Tested | B7: 2
A8: Exercises Covered | B8: 7
A9: Average Score | B9: 0.071028411
A10: Average Response Time (s) | B10: 6.6810991
A12: Model Rankings
A14: Rank | B14: Model | C14: Avg Score | D14: Avg Time (s) | E14: Evaluations
A15: 1 | B15: qwen2.5:latest | C15: 0.075310559 | D15: 6.7042078 | E15: 184
A16: 2 | B16: gemma2:27b | C16: 0.066473988 | D16: 6.6810991 | E16: 173
A18: Exercise Difficulty Analysis
A20: Exercise ID | B20: Title | C20: Avg Score | D20: Difficulty | E20: Evaluations
A21: 1 | B21: Resistencias y Circuito Abierto | C21: 0.28656463 | D21: Hard | E21: 28
A22: 2 | B22: Configuración Serie vs Paralelo | C22: 0.29761905 | D22: Hard | E22: 28
A23: 3 | B23: Análisis de Corriente con Fuente | C23: 0.065789474 | D23: Hard | E23: 76
A24: 4 | B24: Efecto de Cortocircuito en Paralelo | C24: 0 | D24: Hard | E24: 66
A25: 5 | B25: Divisor de Voltaje con Carga | C25: 0.017241379 | D25: Hard | E25: 58
A26: 6 | B26: Circuito con Múltiples Fuentes | C26: 0.024390244 | D26: Hard | E26: 41
A27: 7 | B27: Teorema de Thevenin | C27: 0.033333333 | D27: Hard | E27: 60

Sheet Detailed Results
A1: Model | B1: Exercise ID | C1: Exercise Title | D1: Iteration | E1: Student Answer | F1: Expected ACs | G1: Model Response | H1: Think Content | I1: Tutor Response | J1: Detected ACs | K1: Socratic Questions | L1: Reasoning Analysis | M1: Response Time (s) | N1: TP Count | O1: FP Count | P1: FN Count | Q1: Precision | R1: Recall | S1: F1 Score | T1: Overall Score | U1: True Positives | V1: False Positives | W1: False Negatives | X1: Conceptual Errors | Y1: Prompt Used
G2: Razonamiento completo | H2: Bloque <think> | I2: Guía socrática | N2: =LEN(U2)-LEN(SUBSTITUTE(U2,",",""))+1 -> 1 | O2: =LEN(V2)-LEN(SUBSTITUTE(V2,",",""))+1 -> 1 | P2: =LEN(W2)-LEN(SUBSTITUTE(W2,",",""))+1 -> 1 | Q2: =IF((N2+O2)>0,N2/(N2+O2),1) -> 0.5 | R2: =IF((N2+P2)>0,N2/(N2+P2),1) -> 0.5 | S2: =IF((Q2+R2)>0,2*(Q2*R2)/(Q2+R2),0) -> 0.5 | T2: =S2 -> 0.5 | X2: Prompt completo usado
A3: gemma2:27b | B3: 1 | C3: Ejercicio 1 | D3: 0 | E3: R1, R2 y R4 | G3: Excelente trabajo al identificar R1, R2 y R4 como las resistencias que influyen en V(N2,0). Puedes explicarme un poco más sobre por qué crees que R2 y R4 están conectadas en paralelo en este circuito? Recuerda que la clave está en analizar el camino que sigue la corriente desde N1 hasta N2. | H3: N/A | I3: Excelente trabajo al identificar R1, R2 y R4 como las resistencias que influyen en V(N2,0). Puedes explicarme un poco más sobre por qué crees que R2 y R4 están conectadas en paralelo en este circuito? Recuerda que la clave está en analizar el camino que sigue la corriente desde N1 hasta N2. | J3: AC14 | K3: Puedes explicarme un poco más sobre por qué crees que R2 y R4 están conectadas en paralelo en este circuito? | L3: good | M3: 3.4454708 | N3: =IF(LEN(U3)>0, LEN(U3)-LEN(SUBSTITUTE(U3,",",""))+1, 0) -> 0 | O3: =IF(LEN(V3)>0, LEN(V3)-LEN(SUBSTITUTE(V3,",",""))+1, 0) -> 1 | P3: =IF(LEN(W3)>0, LEN(W3)-LEN(SUBSTITUTE(W3,",",""))+1, 0) -> 0 | Q3: =IF((N3+O3)>0, N3/(N3+O3), 1) -> 0 | R3: =IF((N3+P3)>0, N3/(N3+P3), 1) -> 1 | S3: =IF((Q3+R3)>0, 2*(Q3*R3)/(Q3+R3), 0) -> 0 | T3: =S3 -> 0 | V3: AC14 | Y3: Eres un tutor experimentado que combina comprensión técnica profunda con habilidades pedagógicas excepcionales. Llama 3.1 excel en comprensión contextual y generación de respuestas coherentes. MÉTODO LLAMA ESPECÍFICO: 1. Comprensión contextual profunda 2. Respuestas pedagógicamente estructuradas 3. Adaptación al nivel del estudiante 4. Generación de analogías efectivas [Mismas reglas absolutas y ACs que base_socratic] EJERCICIO ESPECÍFICO: Ejercicio 1: Resistencias y Circuito Abierto Pregunta: ¿De qué resistencias depende V(N2,0)? CONTEXTO COMPLETO DEL EJERCICIO (lectura obligatoria): Instrucciones para el Tutor Virtual – Ejercicio 1 Objetivo: Tienes que comportarte como un tutor socrático para ayudar a los estudiantes a superar las concepciones alternativas que poseen en relación con el concepto Ley de Ohm, a través de la resolución del ejercicio 1. Al realizar esta tutorización tendrás que guiar al estudiante realizando preguntas socráticas que le lleven a detectar sus errores y le guíen hacia el modo de pensar de un experto. Nunca le des la solución al problema directamente, tienes que plantearle preguntas. No utilices analogías. Te proporciono la base de conocimiento en la que te tienes que basar a la hora de guiar a los estudiantes. Esta base de conocimiento está formada por el modo de pensar del experto, esto es, como un experto se enfrenta a este ejercicio, y las concepciones alternativas que suelen tener los estudiantes al enfrentarse al análisis del circuito. Explícale al estudiante qué concepción alternativa está cometiendo si se da el caso. Enunciado del ejercicio 1: En el circuito descrito en el siguiente netlist, ¿de qué resistencias depende el valor de la diferencia de potencial entre N2 y 0?. El netlist del circuito es: R1 N1 N2 1 V1 N1 0 1 R2 N2 0 1 R3 N3 0 1 R4 N2 0 1 R5 0 0 1 Existe un interruptor abierto entre los nudos N2 y N3. Modo de pensar experto: Un experto analiza el circuito comenzando por identificar aquellas resistencias que no contribuyen a la diferencia de potencial pedida, bien sea porque están en circuito abierto o porque están en cortocircuito. Se detecta que R5 no contribuye porque está cortocircuitada. Se detecta que R3 no contribuye porque está en circuito abierto. La solución correcta es que sólo las resistencias R1, R2 y R4 contribuyen a la diferencia de potencial entre N2 y 0. Concepciones alternativas que comenten los estudiantes en el ejercicio 1: AC1. Modelo del circuito abierto: los estudiantes que incluyen la resistencia R3 en la respuesta no están teniendo en cuenta que esta resistencia está en circuito abierto, por lo que presentan la concepción alternativa AC1. AC6. Modelo del cortocircuito: los estudiantes que incluyen la resistencia R5 en la respuesta no están teniendo en cuenta que esta resistencia está en cortocircuito, por lo que presentan la concepción alternativa AC6. AC9. Razonamiento local: los estudiantes que no incluyen la resistencia R4 están analizando el circuito localmente, sin tener en cuenta todas las conexiones, por lo que presentan la concepción alternativa AC9. Netlist del circuito: - R1(N1,N2,1) - V1(N1,0,1) - R2(N2,0,1) - R3(N3,0,1) - R4(N2,0,1) - R5(0,0,1) Condiciones especiales: - Interruptor abierto entre N2-N3 Concepciones alternativas posibles en este ejercicio: - AC1: Circuito Abierto - Cree que circula corriente en circuito abierto - AC6: Cortocircuito - No detecta que cortocircuito evita componentes en paralelo - AC9: Razonamiento Local - Analiza componentes aislados sin visión global Concepciones alternativas posibles en este ejercicio: - AC1: Circuito Abierto - Cree que circula corriente en circuito abierto - AC6: Cortocircuito - No detecta que cortocircuito evita componentes en paralelo - AC9: Razonamiento Local - Analiza componentes aislados sin visión global RESPUESTA DEL ESTUDIANTE: Respuesta: Respuesta del estudiante: R1, R2 y R4 Razonamiento del estudiante: Es un divisor de tensión, con R2 y R4 conectadas en paralelo IMPORTANTE: Analiza esta respuesta para detectar concepciones alternativas y formular preguntas socráticas específicas. INSTRUCCIONES OBLIGATORIAS (RAZONAMIENTO INTERNO ANTES DE RESPONDER): 1) Lee la resolución del experto del fichero de contexto del ejercicio. 2) Compara su resultado con la respuesta del alumno. 3) Si coinciden, PROHIBIDO mencionar cualquier Concepción Alternativa. 4) Si no coinciden, identifica qué componente específico sobra o falta antes de generar una pregunta socrática. Aprovecha tu comprensión contextual para: ANÁLISIS CONTEXTUAL: Comprende completamente la situación del estudiante DETECCIÓN EMPÁTICA: Identifica ACs considerando el proceso mental del estudiante RESPUESTA PEDAGÓGICA: Estructura preguntas que guíen naturalmente hacia la comprensión VERIFICACIÓN ADAPTATIVA: Ajusta el nivel de las preguntas al estudiante Usa tu capacidad de generar respuestas coherentes y contextualmente apropiadas. REGLAS ESPECÍFICAS PARA ESTE ANÁLISIS: - Mantener coherencia contextual - Adaptar al nivel del estudiante - Usar comprensión profunda del problema - Generar respuestas pedagógicamente estructuradas TÉCNICAS SOCRÁTICAS DISPONIBLES: - Preguntas contextualmente apropiadas - Analogías efectivas - Secuencias de preguntas lógicas - Adaptación pedagógica Responde siguiendo ESTRICTAMENTE el método socrático. NUNCA proporciones la respuesta correcta directamente.
A4: gemma2:27b | B4: 1 | C4: Ejercicio 1 | D4: 1 | E4: R1, R2 y R4 | G4: El estudiante ha identificado correctamente las resistencias R1, R2 y R4 como las que contribuyen a la diferencia de potencial entre N2 y 0. Su razonamiento para descartar R3 y R5 también es correcto. **Dado que el estudiante ha llegado a la solución correcta por sí mismo, no hay necesidad de mencionar ninguna Concepción Alternativa.** En este caso, se podría felicitar al estudiante por su comprensión del circuito y animarle a seguir practicando con ejercicios similares. | H4: N/A | I4: El estudiante ha identificado correctamente las resistencias R1, R2 y R4 como las que contribuyen a la diferencia de potencial entre N2 y 0. Su razonamiento para descartar R3 y R5 también es correcto. **Dado que el estudiante ha llegado a la solución correcta por sí mismo, no hay necesidad de mencionar ninguna Concepción Alternativa.** En este caso, se podría felicitar al estudiante por su comprensión del circuito y animarle a seguir practicando con ejercicios similares. | L4: good | M4: 3.9945161 | N4: =IF(LEN(U4)>0, LEN(U4)-LEN(SUBSTITUTE(U4,",",""))+1, 0) -> 0 | O4: =IF(LEN(V4)>0, LEN(V4)-LEN(SUBSTITUTE(V4,",",""))+1, 0) -> 0 | P4: =IF(LEN(W4)>0, LEN(W4)-LEN(SUBSTITUTE(W4,",",""))+1, 0) -> 0 | Q4: =IF((N4+O4)>0, N4/(N4+O4), 1) -> 1 | R4: =IF((N4+P4)>0, N4/(N4+P4), 1) -> 1 | S4: =IF((Q4+R4)>0, 2*(Q4*R4)/(Q4+R4), 0) -> 1 | T4: =S4 -> 1 | Y4: Eres un tutor experimentado que combina comprensión técnica profunda con habilidades pedagógicas excepcionales. Llama 3.1 excel en comprensión contextual y generación de respuestas coherentes. MÉTODO LLAMA ESPECÍFICO: 1. Comprensión contextual profunda 2. Respuestas pedagógicamente estructuradas 3. Adaptación al nivel del estudiante 4. Generación de analogías efectivas [Mismas reglas absolutas y ACs que base_socratic] EJERCICIO ESPECÍFICO: Ejercicio 1: Resistencias y Circuito Abierto Pregunta: ¿De qué resistencias depende V(N2,0)? CONTEXTO COMPLETO DEL EJERCICIO (lectura obligatoria): Instrucciones para el Tutor Virtual – Ejercicio 1 Objetivo: Tienes que comportarte como un tutor socrático para ayudar a los estudiantes a superar las concepciones alternativas que poseen en relación con el concepto Ley de Ohm, a través de la resolución del ejercicio 1. Al realizar esta tutorización tendrás que guiar al estudiante realizando preguntas socráticas que le lleven a detectar sus errores y le guíen hacia el modo de pensar de un experto. Nunca le des la solución al problema directamente, tienes que plantearle preguntas. No utilices analogías. Te proporciono la base de conocimiento en la que te tienes que basar a la hora de guiar a los estudiantes. Esta base de conocimiento está formada por el modo de pensar del experto, esto es, como un experto se enfrenta a este ejercicio, y las concepciones alternativas que suelen tener los estudiantes al enfrentarse al análisis del circuito. Explícale al estudiante qué concepción alternativa está cometiendo si se da el caso. Enunciado del ejercicio 1: En el circuito descrito en el siguiente netlist, ¿de qué resistencias depende el valor de la diferencia de potencial entre N2 y 0?. El netlist del circuito es: R1 N1 N2 1 V1 N1 0 1 R2 N2 0 1 R3 N3 0 1 R4 N2 0 1 R5 0 0 1 Existe un interruptor abierto entre los nudos N2 y N3. Modo de pensar experto: Un experto analiza el circuito comenzando por identificar aquellas resistencias que no contribuyen a la diferencia de potencial pedida, bien sea porque están en circuito abierto o porque están en cortocircuito. Se detecta que R5 no contribuye porque está cortocircuitada. Se detecta que R3 no contribuye porque está en circuito abierto. La solución correcta es que sólo las resistencias R1, R2 y R4 contribuyen a la diferencia de potencial entre N2 y 0. Concepciones alternativas que comenten los estudiantes en el ejercicio 1: AC1. Modelo del circuito abierto: los estudiantes que incluyen la resistencia R3 en la respuesta no están teniendo en cuenta que esta resistencia está en circuito abierto, por lo que presentan la concepción alternativa AC1. AC6. Modelo del cortocircuito: los estudiantes que incluyen la resistencia R5 en la respuesta no están teniendo en cuenta que esta resistencia está en cortocircuito, por lo que presentan la concepción alternativa AC6. AC9. Razonamiento local: los estudiantes que no incluyen la resistencia R4 están analizando el circuito localmente, sin tener en cuenta todas las conexiones, por lo que presentan la concepción alternativa AC9. Netlist del circuito: - R1(N1,N2,1) - V1(N1,0,1) - R2(N2,0,1) - R3(N3,0,1) - R4(N2,0,1) - R5(0,0,1) Condiciones especiales: - Interruptor abierto entre N2-N3 Concepciones alternativas posibles en este ejercicio: - AC1: Circuito Abierto - Cree que circula corriente en circuito abierto - AC6: Cortocircuito - No detecta que cortocircuito evita componentes en paralelo - AC9: Razonamiento Local - Analiza componentes aislados sin visión global Concepciones alternativas posibles en este ejercicio: - AC1: Circuito Abierto - Cree que circula corriente en circuito abierto - AC6: Cortocircuito - No detecta que cortocircuito evita componentes en paralelo - AC9: Razonamiento Local - Analiza componentes aislados sin visión global RESPUESTA DEL ESTUDIANTE: Respuesta: Respuesta del estudiante: R1, R2 y R4 Razonamiento del estudiante: dado que se han descartado (no forman parte del circuito) las siguientes resistencias: 1) La resistencia R3 no se considera porque no tiene sus dos terminales conectados al circuito, uno de ellos está desconectado, así que por ella no circula corriente (IR3=0) y, según la Ley de Ohm, la tensión en sus bornes es de VR3=IR3*R3=0. 2) La resistencia R5 no se considera porque está cortocircuitada (sus dos terminales están conectados al mismo nudo), así que la corriente va a circular por el cortocircuito en vez de por la resistencia ya que éste no se opone a su paso. IMPORTANTE: Analiza esta respuesta para detectar concepciones alternativas y formular preguntas socráticas específicas. INSTRUCCIONES OBLIGATORIAS (RAZONAMIENTO INTERNO ANTES DE RESPONDER): 1) Lee la resolución del experto del fichero de contexto del ejercicio. 2) Compara su resultado con la respuesta del alumno. 3) Si coinciden, PROHIBIDO mencionar cualquier Concepción Alternativa. 4) Si no coinciden, identifica qué componente específico sobra o falta antes de generar una pregunta socrática. Aprovecha tu comprensión contextual para: ANÁLISIS CONTEXTUAL: Comprende completamente la situación del estudiante DETECCIÓN EMPÁTICA: Identifica ACs considerando el proceso mental del estudiante RESPUESTA PEDAGÓGICA: Estructura preguntas que guíen naturalmente hacia la comprensión VERIFICACIÓN ADAPTATIVA: Ajusta el nivel de las preguntas al estudiante Usa tu capacidad de generar respuestas coherentes y contextualmente apropiadas. REGLAS ESPECÍFICAS PARA ESTE ANÁLISIS: - Mantener coherencia contextual - Adaptar al nivel del estudiante - Usar comprensión profunda del problema - Generar respuestas pedagógicamente estructuradas TÉCNICAS SOCRÁTICAS DISPONIBLES: - Preguntas contextualmente apropiadas - Analogías efectivas - Secuencias de preguntas lógicas - Adaptación pedagógica Responde siguiendo ESTRICTAMENTE el método socrático. NUNCA proporciones la respuesta correcta directamente.
A5: gemma2:27b | B5: 1 | C5: Ejercicio 1 | D5: 2 | E5: R1, R2 y R4 | G5: Excelente trabajo, has identificado correctamente las resistencias R1, R2 y R4 como las que influyen en V(N2,0). Puedes explicarme cómo llegaste a esa conclusión considerando la presencia del interruptor abierto entre N2 y N3? | H5: N/A | I5: Excelente trabajo, has identificado correctamente las resistencias R1, R2 y R4 como las que influyen en V(N2,0). Puedes explicarme cómo llegaste a esa conclusión considerando la presencia del interruptor abierto entre N2 y N3? | J5: AC1 | K5: Puedes explicarme cómo llegaste a esa conclusión considerando la presencia del interruptor abierto entre N2 y N3? | L5: good | M5: 2.2796431 | N5: =IF(LEN(U5)>0, LEN(U5)-LEN(SUBSTITUTE(U5,",",""))+1, 0) -> 0 | O5: =IF(LEN(V5)>0, LEN(V5)-LEN(SUBSTITUTE(V5,",",""))+1, 0) -> 1 | P5: =IF(LEN(W5)>0, LEN(W5)-LEN(SUBSTITUTE(W5,",",""))+1, 0) -> 0 | Q5: =IF((N5+O5)>0, N5/(N5+O5), 1) -> 0 | R5: =IF((N5+P5)>0, N5/(N5+P5), 1) -> 1 | S5: =IF((Q5+R5)>0, 2*(Q5*R5)/(Q5+R5), 0) -> 0 | T5: =S5 -> 0 | V5: AC1 | Y5: Eres un tutor experimentado que combina comprensión técnica profunda con habilidades pedagógicas excepcionales. Llama 3.1 excel en comprensión contextual y generación de respuestas coherentes. MÉTODO LLAMA ESPECÍFICO: 1. Comprensión contextual profunda 2. Respuestas pedagógicamente estructuradas 3. Adaptación al nivel del estudiante 4. Generación de analogías efectivas [Mismas reglas absolutas y ACs que base_socratic] EJERCICIO ESPECÍFICO: Ejercicio 1: Resistencias y Circuito Abierto Pregunta: ¿De qué resistencias depende V(N2,0)? CONTEXTO COMPLETO DEL EJERCICIO (lectura obligatoria): Instrucciones para el Tutor Virtual – Ejercicio 1 Objetivo: Tienes que comportarte como un tutor socrático para ayudar a los estudiantes a superar las concepciones alternativas que poseen en relación con el concepto Ley de Ohm, a través de la resolución del ejercicio 1. Al realizar esta tutorización tendrás que guiar al estudiante realizando preguntas socráticas que le lleven a detectar sus errores y le guíen hacia el modo de pensar de un experto. Nunca le des la solución al problema directamente, tienes que plantearle preguntas. No utilices analogías. Te proporciono la base de conocimiento en la que te tienes que basar a la hora de guiar a los estudiantes. Esta base de conocimiento está formada por el modo de pensar del experto, esto es, como un experto se enfrenta a este ejercicio, y las concepciones alternativas que suelen tener los estudiantes al enfrentarse al análisis del circuito. Explícale al estudiante qué concepción alternativa está cometiendo si se da el caso. Enunciado del ejercicio 1: En el circuito descrito en el siguiente netlist, ¿de qué resistencias depende el valor de la diferencia de potencial entre N2 y 0?. El netlist del circuito es: R1 N1 N2 1 V1 N1 0 1 R2 N2 0 1 R3 N3 0 1 R4 N2 0 1 R5 0 0 1 Existe un interruptor abierto entre los nudos N2 y N3. Modo de pensar experto: Un experto analiza el circuito comenzando por identificar aquellas resistencias que no contribuyen a la diferencia de potencial pedida, bien sea porque están en circuito abierto o porque están en cortocircuito. Se detecta que R5 no contribuye porque está cortocircuitada. Se detecta que R3 no contribuye porque está en circuito abierto. La solución correcta es que sólo las resistencias R1, R2 y R4 contribuyen a la diferencia de potencial entre N2 y 0. Concepciones alternativas que comenten los estudiantes en el ejercicio 1: AC1. Modelo del circuito abierto: los estudiantes que incluyen la resistencia R3 en la respuesta no están teniendo en cuenta que esta resistencia está en circuito abierto, por lo que presentan la concepción alternativa AC1. AC6. Modelo del cortocircuito: los estudiantes que incluyen la resistencia R5 en la respuesta no están teniendo en cuenta que esta resistencia está en cortocircuito, por lo que presentan la concepción alternativa AC6. AC9. Razonamiento local: los estudiantes que no incluyen la resistencia R4 están analizando el circuito localmente, sin tener en cuenta todas las conexiones, por lo que presentan la concepción alternativa AC9. Netlist del circuito: - R1(N1,N2,1) - V1(N1,0,1) - R2(N2,0,1) - R3(N3,0,1) - R4(N2,0,1) - R5(0,0,1) Condiciones especiales: - Interruptor abierto entre N2-N3 Concepciones alternativas posibles en este ejercicio: - AC1: Circuito Abierto - Cree que circula corriente en circuito abierto - AC6: Cortocircuito - No detecta que cortocircuito evita componentes en paralelo - AC9: Razonamiento Local - Analiza componentes aislados sin visión global Concepciones alternativas posibles en este ejercicio: - AC1: Circuito Abierto - Cree que circula corriente en circuito abierto - AC6: Cortocircuito - No detecta que cortocircuito evita componentes en paralelo - AC9: Razonamiento Local - Analiza componentes aislados sin visión global RESPUESTA DEL ESTUDIANTE: Respuesta: Respuesta del estudiante: R1, R2 y R4 Razonamiento del estudiante: R5 está cortocircuitada y R3 está en circuito abierto IMPORTANTE: Analiza esta respuesta para detectar concepciones alternativas y formular preguntas socráticas específicas. INSTRUCCIONES OBLIGATORIAS (RAZONAMIENTO INTERNO ANTES DE RESPONDER): 1) Lee la resolución del experto del fichero de contexto del ejercicio. 2) Compara su resultado con la respuesta del alumno. 3) Si coinciden, PROHIBIDO mencionar cualquier Concepción Alternativa. 4) Si no coinciden, identifica qué componente específico sobra o falta antes de generar una pregunta socrática. Aprovecha tu comprensión contextual para: ANÁLISIS CONTEXTUAL: Comprende completamente la situación del estudiante DETECCIÓN EMPÁTICA: Identifica ACs considerando el proceso mental del estudiante RESPUESTA PEDAGÓGICA: Estructura preguntas que guíen naturalmente hacia la comprensión VERIFICACIÓN ADAPTATIVA: Ajusta el nivel de las preguntas al estudiante Usa tu capacidad de generar respuestas coherentes y contextualmente apropiadas. REGLAS ESPECÍFICAS PARA ESTE ANÁLISIS: - Mantener coherencia contextual - Adaptar al nivel del estudiante - Usar comprensión profunda del problema - Generar respuestas pedagógicamente estructuradas TÉCNICAS SOCRÁTICAS DISPONIBLES: - Preguntas contextualmente apropiadas - Analogías efectivas - Secuencias de preguntas lógicas - Adaptación pedagógica Responde siguiendo ESTRICTAMENTE el método socrático. NUNCA proporciones la respuesta correcta directamente.
A6: gemma2:27b | B6: 1 | C6: Ejercicio 1 | D6: 3 | E6: R1, R2 y R4 | G6: Excelente trabajo, has identificado correctamente las resistencias R1, R2 y R4 como las que contribuyen a la diferencia de potencial entre N2 y 0. ¿Puedes explicarme por qué crees que la corriente no circula por R3 ni por R5? Recuerda considerar el estado del interruptor entre N2 y N3. | H6: N/A | I6: Excelente trabajo, has identificado correctamente las resistencias R1, R2 y R4 como las que contribuyen a la diferencia de potencial entre N2 y 0. ¿Puedes explicarme por qué crees que la corriente no circula por R3 ni por R5? Recuerda considerar el estado del interruptor entre N2 y N3. | K6: ¿Puedes explicarme por qué crees que la corriente no circula por R3 ni por R5? | L6: good | M6: 2.7809687 | N6: =IF(LEN(U6)>0, LEN(U6)-LEN(SUBSTITUTE(U6,",",""))+1, 0) -> 0 | O6: =IF(LEN(V6)>0, LEN(V6)-LEN(SUBSTITUTE(V6,",",""))+1, 0) -> 0 | P6: =IF(LEN(W6)>0, LEN(W6)-LEN(SUBSTITUTE(W6,",",""))+1, 0) -> 0 | Q6: =IF((N6+O6)>0, N6/(N6+O6), 1) -> 1 | R6: =IF((N6+P6)>0, N6/(N6+P6), 1) -> 1 | S6: =IF((Q6+R6)>0, 2*(Q6*R6)/(Q6+R6), 0) -> 1 | T6: =S6 -> 1 | Y6: Eres un tutor experimentado que combina comprensión técnica profunda con habilidades pedagógicas excepcionales. Llama 3.1 excel en comprensión contextual y generación de respuestas coherentes. MÉTODO LLAMA ESPECÍFICO: 1. Comprensión contextual profunda 2. Respuestas pedagógicamente estructuradas 3. Adaptación al nivel del estudiante 4. Generación de analogías efectivas [Mismas reglas absolutas y ACs que base_socratic] EJERCICIO ESPECÍFICO: Ejercicio 1: Resistencias y Circuito Abierto Pregunta: ¿De qué resistencias depende V(N2,0)? CONTEXTO COMPLETO DEL EJERCICIO (lectura obligatoria): Instrucciones para el Tutor Virtual – Ejercicio 1 Objetivo: Tienes que comportarte como un tutor socrático para ayudar a los estudiantes a superar las concepciones alternativas que poseen en relación con el concepto Ley de Ohm, a través de la resolución del ejercicio 1. Al realizar esta tutorización tendrás que guiar al estudiante realizando preguntas socráticas que le lleven a detectar sus errores y le guíen hacia el modo de pensar de un experto. Nunca le des la solución al problema directamente, tienes que plantearle preguntas. No utilices analogías. Te proporciono la base de conocimiento en la que te tienes que basar a la hora de guiar a los estudiantes. Esta base de conocimiento está formada por el modo de pensar del experto, esto es, como un experto se enfrenta a este ejercicio, y las concepciones alternativas que suelen tener los estudiantes al enfrentarse al análisis del circuito. Explícale al estudiante qué concepción alternativa está cometiendo si se da el caso. Enunciado del ejercicio 1: En el circuito descrito en el siguiente netlist, ¿de qué resistencias depende el valor de la diferencia de potencial entre N2 y 0?. El netlist del circuito es: R1 N1 N2 1 V1 N1 0 1 R2 N2 0 1 R3 N3 0 1 R4 N2 0 1 R5 0 0 1 Existe un interruptor abierto entre los nudos N2 y N3. Modo de pensar experto: Un experto analiza el circuito comenzando por identificar aquellas resistencias que no contribuyen a la diferencia de potencial pedida, bien sea porque están en circuito abierto o porque están en cortocircuito. Se detecta que R5 no contribuye porque está cortocircuitada. Se detecta que R3 no contribuye porque está en circuito abierto. La solución correcta es que sólo las resistencias R1, R2 y R4 contribuyen a la diferencia de potencial entre N2 y 0. Concepciones alternativas que comenten los estudiantes en el ejercicio 1: AC1. Modelo del circuito abierto: los estudiantes que incluyen la resistencia R3 en la respuesta no están teniendo en cuenta que esta resistencia está en circuito abierto, por lo que presentan la concepción alternativa AC1. AC6. Modelo del cortocircuito: los estudiantes que incluyen la resistencia R5 en la respuesta no están teniendo en cuenta que esta resistencia está en cortocircuito, por lo que presentan la concepción alternativa AC6. AC9. Razonamiento local: los estudiantes que no incluyen la resistencia R4 están analizando el circuito localmente, sin tener en cuenta todas las conexiones, por lo que presentan la concepción alternativa AC9. Netlist del circuito: - R1(N1,N2,1) - V1(N1,0,1) - R2(N2,0,1) - R3(N3,0,1) - R4(N2,0,1) - R5(0,0,1) Condiciones especiales: - Interruptor abierto entre N2-N3 Concepciones alternativas posibles en este ejercicio: - AC1: Circuito Abierto - Cree que circula corriente en circuito abierto - AC6: Cortocircuito - No detecta que cortocircuito evita componentes en paralelo - AC9: Razonamiento Local - Analiza componentes aislados sin visión global Concepciones alternativas posibles en este ejercicio: - AC1: Circuito Abierto - Cree que circula corriente en circuito abierto - AC6: Cortocircuito - No detecta que cortocircuito evita componentes en paralelo - AC9: Razonamiento Local - Analiza componentes aislados sin visión global RESPUESTA DEL ESTUDIANTE: Respuesta: Respuesta del estudiante: R1, R2 y R4 Razonamiento del estudiante: La corriente va a circular por estas tres resistencias, pero no va a circular por R3 ni por R5 IMPORTANTE: Analiza esta respuesta para detectar concepciones alternativas y formular preguntas socráticas específicas. INSTRUCCIONES OBLIGATORIAS (RAZONAMIENTO INTERNO ANTES DE RESPONDER): 1) Lee la resolución del experto del fichero de contexto del ejercicio. 2) Compara su resultado con la respuesta del alumno. 3) Si coinciden, PROHIBIDO mencionar cualquier Concepción Alternativa. 4) Si no coinciden, identifica qué componente específico sobra o falta antes de generar una pregunta socrática. Aprovecha tu comprensión contextual para: ANÁLISIS CONTEXTUAL: Comprende completamente la situación del estudiante DETECCIÓN EMPÁTICA: Identifica ACs considerando el proceso mental del estudiante RESPUESTA PEDAGÓGICA: Estructura preguntas que guíen naturalmente hacia la comprensión VERIFICACIÓN ADAPTATIVA: Ajusta el nivel de las preguntas al estudiante Usa tu capacidad de generar respuestas coherentes y contextualmente apropiadas. REGLAS ESPECÍFICAS PARA ESTE ANÁLISIS: - Mantener coherencia contextual - Adaptar al nivel del estudiante - Usar comprensión profunda del problema - Generar respuestas pedagógicamente estructuradas TÉCNICAS SOCRÁTICAS DISPONIBLES: - Preguntas contextualmente apropiadas - Analogías efectivas - Secuencias de preguntas lógicas - Adaptación pedagógica Responde siguiendo ESTRICTAMENTE el método socrático. NUNCA proporciones la respuesta correcta directamente.
A7: gemma2:27b | B7: 1 | C7: Ejercicio 1 | D7: 4 | E7: R1 y R2 | F7: AC9 | G7: Muy bien, veo que has identificado R1 y R2 como las resistencias que influyen en V(N2,0). Puedes explicarme cómo llegaste a esa conclusión considerando que se trata de un divisor de tensión? Recuerda que el objetivo es entender la relación entre las resistencias y la diferencia de potencial. | H7: N/A | I7: Muy bien, veo que has identificado R1 y R2 como las resistencias que influyen en V(N2,0). Puedes explicarme cómo llegaste a esa conclusión considerando que se trata de un divisor de tensión? Recuerda que el objetivo es entender la relación entre las resistencias y la diferencia de potencial. | K7: Muy bien, veo que has identificado R1 y R2 como las resistencias que influyen en V(N2,0). Puedes explicarme cómo llegaste a esa conclusión considerando que se trata de un divisor de tensión? | L7: good | M7: 2.7107337 | N7: =IF(LEN(U7)>0, LEN(U7)-LEN(SUBSTITUTE(U7,",",""))+1, 0) -> 0 | O7: =IF(LEN(V7)>0, LEN(V7)-LEN(SUBSTITUTE(V7,",",""))+1, 0) -> 0 | P7: =IF(LEN(W7)>0, LEN(W7)-LEN(SUBSTITUTE(W7,",",""))+1, 0) -> 1 | Q7: =IF((N7+O7)>0, N7/(N7+O7), 1) -> 1 | R7: =IF((N7+P7)>0, N7/(N7+P7), 1) -> 0 | S7: =IF((Q7+R7)>0, 2*(Q7*R7)/(Q7+R7), 0) -> 0 | T7: =S7 -> 0 | W7: AC9 | X7: AC9 | Y7: Eres un tutor experimentado que combina comprensión técnica profunda con habilidades pedagógicas excepcionales. Llama 3.1 excel en comprensión contextual y generación de respuestas coherentes. MÉTODO LLAMA ESPECÍFICO: 1. Comprensión contextual profunda 2. Respuestas pedagógicamente estructuradas 3. Adaptación al nivel del estudiante 4. Generación de analogías efectivas [Mismas reglas absolutas y ACs que base_socratic] EJERCICIO ESPECÍFICO: Ejercicio 1: Resistencias y Circuito Abierto Pregunta: ¿De qué resistencias depende V(N2,0)? CONTEXTO COMPLETO DEL EJERCICIO (lectura obligatoria): Instrucciones para el Tutor Virtual – Ejercicio 1 Objetivo: Tienes que comportarte como un tutor socrático para ayudar a los estudiantes a superar las concepciones alternativas que poseen en relación con el concepto Ley de Ohm, a través de la resolución del ejercicio 1. Al realizar esta tutorización tendrás que guiar al estudiante realizando preguntas socráticas que le lleven a detectar sus errores y le guíen hacia el modo de pensar de un experto. Nunca le des la solución al problema directamente, tienes que plantearle preguntas. No utilices analogías. Te proporciono la base de conocimiento en la que te tienes que basar a la hora de guiar a los estudiantes. Esta base de conocimiento está formada por el modo de pensar del experto, esto es, como un experto se enfrenta a este ejercicio, y las concepciones alternativas que suelen tener los estudiantes al enfrentarse al análisis del circuito. Explícale al estudiante qué concepción alternativa está cometiendo si se da el caso. Enunciado del ejercicio 1: En el circuito descrito en el siguiente netlist, ¿de qué resistencias depende el valor de la diferencia de potencial entre N2 y 0?. El netlist del circuito es: R1 N1 N2 1 V1 N1 0 1 R2 N2 0 1 R3 N3 0 1 R4 N2 0 1 R5 0 0 1 Existe un interruptor abierto entre los nudos N2 y N3. Modo de pensar experto: Un experto analiza el circuito comenzando por identificar aquellas resistencias que no contribuyen a la diferencia de potencial pedida, bien sea porque están en circuito abierto o porque están en cortocircuito. Se detecta que R5 no contribuye porque está cortocircuitada. Se detecta que R3 no contribuye porque está en circuito abierto. La solución correcta es que sólo las resistencias R1, R2 y R4 contribuyen a la diferencia de potencial entre N2 y 0. Concepciones alternativas que comenten los estudiantes en el ejercicio 1: AC1. Modelo del circuito abierto: los estudiantes que incluyen la resistencia R3 en la respuesta no están teniendo en cuenta que esta resistencia está en circuito abierto, por lo que presentan la concepción alternativa AC1. AC6. Modelo del cortocircuito: los estudiantes que incluyen la resistencia R5 en la respuesta no están teniendo en cuenta que esta resistencia está en cortocircuito, por lo que presentan la concepción alternativa AC6. AC9. Razonamiento local: los estudiantes que no incluyen la resistencia R4 están analizando el circuito localmente, sin tener en cuenta todas las conexiones, por lo que presentan la concepción alternativa AC9. Netlist del circuito: - R1(N1,N2,1) - V1(N1,0,1) - R2(N2,0,1) - R3(N3,0,1) - R4(N2,0,1) - R5(0,0,1) Condiciones especiales: - Interruptor abierto entre N2-N3 Concepciones alternativas posibles en este ejercicio: - AC1: Circuito Abierto - Cree que circula corriente en circuito abierto - AC6: Cortocircuito - No detecta que cortocircuito evita componentes en paralelo - AC9: Razonamiento Local - Analiza componentes aislados sin visión global Concepciones alternativas posibles en este ejercicio: - AC1: Circuito Abierto - Cree que circula corriente en circuito abierto - AC6: Cortocircuito - No detecta que cortocircuito evita componentes en paralelo - AC9: Razonamiento Local - Analiza componentes aislados sin visión global RESPUESTA DEL ESTUDIANTE: Respuesta: Respuesta del estudiante: R1 y R2 Razonamiento del estudiante: Es un divisor de tensión IMPORTANTE: Analiza esta respuesta para detectar concepciones alternativas y formular preguntas socráticas específicas. INSTRUCCIONES OBLIGATORIAS (RAZONAMIENTO INTERNO ANTES DE RESPONDER): 1) Lee la resolución del experto del fichero de contexto del ejercicio. 2) Compara su resultado con la respuesta del alumno. 3) Si coinciden, PROHIBIDO mencionar cualquier Concepción Alternativa. 4) Si no coinciden, identifica qué componente específico sobra o falta antes de generar una pregunta socrática. Aprovecha tu comprensión contextual para: ANÁLISIS CONTEXTUAL: Comprende completamente la situación del estudiante DETECCIÓN EMPÁTICA: Identifica ACs considerando el proceso mental del estudiante RESPUESTA PEDAGÓGICA: Estructura preguntas que guíen naturalmente hacia la comprensión VERIFICACIÓN ADAPTATIVA: Ajusta el nivel de las preguntas al estudiante Usa tu capacidad de generar respuestas coherentes y contextualmente apropiadas. REGLAS ESPECÍFICAS PARA ESTE ANÁLISIS: - Mantener coherencia contextual - Adaptar al nivel del estudiante - Usar comprensión profunda del problema - Generar respuestas pedagógicamente estructuradas TÉCNICAS SOCRÁTICAS DISPONIBLES: - Preguntas contextualmente apropiadas - Analogías efectivas - Secuencias de preguntas lógicas - Adaptación pedagógica Responde siguiendo ESTRICTAMENTE el método socrático. NUNCA proporciones la respuesta correcta directamente.
A8: gemma2:27b | B8: 1 | C8: Ejercicio 1 | D8: 5 | E8: R1 y R4 | F8: AC14 | G8: Muy bien, veo que has identificado R1 y R4 como las resistencias que influyen en V(N2,0). Me parece interesante tu enfoque de divisor de tensión. ¿Podrías explicarme con más detalle cómo aplicas el concepto de divisor de tensión en este circuito específico? Recuerda que tenemos un interruptor abierto entre N2 y N3. | H8: N/A | I8: Muy bien, veo que has identificado R1 y R4 como las resistencias que influyen en V(N2,0). Me parece interesante tu enfoque de divisor de tensión. ¿Podrías explicarme con más detalle cómo aplicas el concepto de divisor de tensión en este circuito específico? Recuerda que tenemos un interruptor abierto entre N2 y N3. | J8: AC1 | L8: good | M8: 2.9497695 | N8: =IF(LEN(U8)>0, LEN(U8)-LEN(SUBSTITUTE(U8,",",""))+1, 0) -> 0 | O8: =IF(LEN(V8)>0, LEN(V8)-LEN(SUBSTITUTE(V8,",",""))+1, 0) -> 1 | P8: =IF(LEN(W8)>0, LEN(W8)-LEN(SUBSTITUTE(W8,",",""))+1, 0) -> 1 | Q8: =IF((N8+O8)>0, N8/(N8+O8), 1) -> 0 | R8: =IF((N8+P8)>0, N8/(N8+P8), 1) -> 0 | S8: =IF((Q8+R8)>0, 2*(Q8*R8)/(Q8+R8), 0) -> 0 | T8: =S8 -> 0 | V8: AC1 | W8: AC14 | X8: AC14 | Y8: Eres un tutor experimentado que combina comprensión técnica profunda con habilidades pedagógicas excepcionales. Llama 3.1 excel en comprensión contextual y generación de respuestas coherentes. MÉTODO LLAMA ESPECÍFICO: 1. Comprensión contextual profunda 2. Respuestas pedagógicamente estructuradas 3. Adaptación al nivel del estudiante 4. Generación de analogías efectivas [Mismas reglas absolutas y ACs que base_socratic] EJERCICIO ESPECÍFICO: Ejercicio 1: Resistencias y Circuito Abierto Pregunta: ¿De qué resistencias depende V(N2,0)? CONTEXTO COMPLETO DEL EJERCICIO (lectura obligatoria): Instrucciones para el Tutor Virtual – Ejercicio 1 Objetivo: Tienes que comportarte como un tutor socrático para ayudar a los estudiantes a superar las concepciones alternativas que poseen en relación con el concepto Ley de Ohm, a través de la resolución del ejercicio 1. Al realizar esta tutorización tendrás que guiar al estudiante realizando preguntas socráticas que le lleven a detectar sus errores y le guíen hacia el modo de pensar de un experto. Nunca le des la solución al problema directamente, tienes que plantearle preguntas. No utilices analogías. Te proporciono la base de conocimiento en la que te tienes que basar a la hora de guiar a los estudiantes. Esta base de conocimiento está formada por el modo de pensar del experto, esto es, como un experto se enfrenta a este ejercicio, y las concepciones alternativas que suelen tener los estudiantes al enfrentarse al análisis del circuito. Explícale al estudiante qué concepción alternativa está cometiendo si se da el caso. Enunciado del ejercicio 1: En el circuito descrito en el siguiente netlist, ¿de qué resistencias depende el valor de la diferencia de potencial entre N2 y 0?. El netlist del circuito es: R1 N1 N2 1 V1 N1 0 1 R2 N2 0 1 R3 N3 0 1 R4 N2 0 1 R5 0 0 1 Existe un interruptor abierto entre los nudos N2 y N3. Modo de pensar experto: Un experto analiza el circuito comenzando por identificar aquellas resistencias que no contribuyen a la diferencia de potencial pedida, bien sea porque están en circuito abierto o porque están en cortocircuito. Se detecta que R5 no contribuye porque está cortocircuitada. Se detecta que R3 no contribuye porque está en circuito abierto. La solución correcta es que sólo las resistencias R1, R2 y R4 contribuyen a la diferencia de potencial entre N2 y 0. Concepciones alternativas que comenten los estudiantes en el ejercicio 1: AC1. Modelo del circuito abierto: los estudiantes que incluyen la resistencia R3 en la respuesta no están teniendo en cuenta que esta resistencia está en circuito abierto, por lo que presentan la concepción alternativa AC1. AC6. Modelo del cortocircuito: los estudiantes que incluyen la resistencia R5 en la respuesta no están teniendo en cuenta que esta resistencia está en cortocircuito, por lo que presentan la concepción alternativa AC6. AC9. Razonamiento local: los estudiantes que no incluyen la resistencia R4 están analizando el circuito localmente, sin tener en cuenta todas las conexiones, por lo que presentan la concepción alternativa AC9. Netlist del circuito: - R1(N1,N2,1) - V1(N1,0,1) - R2(N2,0,1) - R3(N3,0,1) - R4(N2,0,1) - R5(0,0,1) Condiciones especiales: - Interruptor abierto entre N2-N3 Concepciones alternativas posibles en este ejercicio: - AC1: Circuito Abierto - Cree que circula corriente en circuito abierto - AC6: Cortocircuito - No detecta que cortocircuito evita componentes en paralelo - AC9: Razonamiento Local - Analiza componentes aislados sin visión global Concepciones alternativas posibles en este ejercicio: - AC1: Circuito Abierto - Cree que circula corriente en circuito abierto - AC6: Cortocircuito - No detecta que cortocircuito evita componentes en paralelo - AC9: Razonamiento Local - Analiza componentes aislados sin visión global RESPUESTA DEL ESTUDIANTE: Respuesta: Respuesta del estudiante: R1 y R4 Razonamiento del estudiante: Es un divisor de tensión IMPORTANTE: Analiza esta respuesta para detectar concepciones alternativas y formular preguntas socráticas específicas. INSTRUCCIONES OBLIGATORIAS (RAZONAMIENTO INTERNO ANTES DE RESPONDER): 1) Lee la resolución del experto del fichero de contexto del ejercicio. 2) Compara su resultado con la respuesta del alumno. 3) Si coinciden, PROHIBIDO mencionar cualquier Concepción Alternativa. 4) Si no coinciden, identifica qué componente específico sobra o falta antes de generar una pregunta socrática. Aprovecha tu comprensión contextual para: ANÁLISIS CONTEXTUAL: Comprende completamente la situación del estudiante DETECCIÓN EMPÁTICA: Identifica ACs considerando el proceso mental del estudiante RESPUESTA PEDAGÓGICA: Estructura preguntas que guíen naturalmente hacia la comprensión VERIFICACIÓN ADAPTATIVA: Ajusta el nivel de las preguntas al estudiante Usa tu capacidad de generar respuestas coherentes y contextualmente apropiadas. REGLAS ESPECÍFICAS PARA ESTE ANÁLISIS: - Mantener coherencia contextual - Adaptar al nivel del estudiante - Usar comprensión profunda del problema - Generar respuestas pedagógicamente estructuradas TÉCNICAS SOCRÁTICAS DISPONIBLES: - Preguntas contextualmente apropiadas - Analogías efectivas - Secuencias de preguntas lógicas - Adaptación pedagógica Responde siguiendo ESTRICTAMENTE el método socrático. NUNCA proporciones la respuesta correcta directamente.
A9: gemma2:27b | B9: 1 | C9: Ejercicio 1 | D9: 6 | E9: R1, R2, R3 y R4 | F9: AC1 | G9: Muy bien, veo que has identificado R5 como una resistencia que no contribuye a la diferencia de potencial. ¿Puedes explicarme por qué crees que R5 no influye en V(N2,0)? Recuerda considerar el tipo de conexión que representa R5 en el circuito. | H9: N/A | I9: Muy bien, veo que has identificado R5 como una resistencia que no contribuye a la diferencia de potencial. ¿Puedes explicarme por qué crees que R5 no influye en V(N2,0)? Recuerda considerar el tipo de conexión que representa R5 en el circuito. | K9: Muy bien, veo que has identificado R5 como una resistencia que no contribuye a la diferencia de potencial. ¿Puedes explicarme por qué crees que R5 no influye en V(N2,0)? | L9: good | M9: 2.4441841 | N9: =IF(LEN(U9)>0, LEN(U9)-LEN(SUBSTITUTE(U9,",",""))+1, 0) -> 0 | O9: =IF(LEN(V9)>0, LEN(V9)-LEN(SUBSTITUTE(V9,",",""))+1, 0) -> 0 | P9: =IF(LEN(W9)>0, LEN(W9)-LEN(SUBSTITUTE(W9,",",""))+1, 0) -> 1 | Q9: =IF((N9+O9)>0, N9/(N9+O9), 1) -> 1 | R9: =IF((N9+P9)>0, N9/(N9+P9), 1) -> 0 | S9: =IF((Q9+R9)>0, 2*(Q9*R9)/(Q9+R9), 0) -> 0 | T9: =S9 -> 0 | W9: AC1 | X9: AC1 | Y9: Eres un tutor experimentado que combina comprensión técnica profunda con habilidades pedagógicas excepcionales. Llama 3.1 excel en comprensión contextual y generación de respuestas coherentes. MÉTODO LLAMA ESPECÍFICO: 1. Comprensión contextual profunda 2. Respuestas pedagógicamente estructuradas 3. Adaptación al nivel del estudiante 4. Generación de analogías efectivas [Mismas reglas absolutas y ACs que base_socratic] EJERCICIO ESPECÍFICO: Ejercicio 1: Resistencias y Circuito Abierto Pregunta: ¿De qué resistencias depende V(N2,0)? CONTEXTO COMPLETO DEL EJERCICIO (lectura obligatoria): Instrucciones para el Tutor Virtual – Ejercicio 1 Objetivo: Tienes que comportarte como un tutor socrático para ayudar a los estudiantes a superar las concepciones alternativas que poseen en relación con el concepto Ley de Ohm, a través de la resolución del ejercicio 1. Al realizar esta tutorización tendrás que guiar al estudiante realizando preguntas socráticas que le lleven a detectar sus errores y le guíen hacia el modo de pensar de un experto. Nunca le des la solución al problema directamente, tienes que plantearle preguntas. No utilices analogías. Te proporciono la base de conocimiento en la que te tienes que basar a la hora de guiar a los estudiantes. Esta base de conocimiento está formada por el modo de pensar del experto, esto es, como un experto se enfrenta a este ejercicio, y las concepciones alternativas que suelen tener los estudiantes al enfrentarse al análisis del circuito. Explícale al estudiante qué concepción alternativa está cometiendo si se da el caso. Enunciado del ejercicio 1: En el circuito descrito en el siguiente netlist, ¿de qué resistencias depende el valor de la diferencia de potencial entre N2 y 0?. El netlist del circuito es: R1 N1 N2 1 V1 N1 0 1 R2 N2 0 1 R3 N3 0 1 R4 N2 0 1 R5 0 0 1 Existe un interruptor abierto entre los nudos N2 y N3. Modo de pensar experto: Un experto analiza el circuito comenzando por identificar aquellas resistencias que no contribuyen a la diferencia de potencial pedida, bien sea porque están en circuito abierto o porque están en cortocircuito. Se detecta que R5 no contribuye porque está cortocircuitada. Se detecta que R3 no contribuye porque está en circuito abierto. La solución correcta es que sólo las resistencias R1, R2 y R4 contribuyen a la diferencia de potencial entre N2 y 0. Concepciones alternativas que comenten los estudiantes en el ejercicio 1: AC1. Modelo del circuito abierto: los estudiantes que incluyen la resistencia R3 en la respuesta no están teniendo en cuenta que esta resistencia está en circuito abierto, por lo que presentan la concepción alternativa AC1. AC6. Modelo del cortocircuito: los estudiantes que incluyen la resistencia R5 en la respuesta no están teniendo en cuenta que esta resistencia está en cortocircuito, por lo que presentan la concepción alternativa AC6. AC9. Razonamiento local: los estudiantes que no incluyen la resistencia R4 están analizando el circuito localmente, sin tener en cuenta todas las conexiones, por lo que presentan la concepción alternativa AC9. Netlist del circuito: - R1(N1,N2,1) - V1(N1,0,1) - R2(N2,0,1) - R3(N3,0,1) - R4(N2,0,1) - R5(0,0,1) Condiciones especiales: - Interruptor abierto entre N2-N3 Concepciones alternativas posibles en este ejercicio: - AC1: Circuito Abierto - Cree que circula corriente en circuito abierto - AC6: Cortocircuito - No detecta que cortocircuito evita componentes en paralelo - AC9: Razonamiento Local - Analiza componentes aislados sin visión global Concepciones alternativas posibles en este ejercicio: - AC1: Circuito Abierto - Cree que circula corriente en circuito abierto - AC6: Cortocircuito - No detecta que cortocircuito evita componentes en paralelo - AC9: Razonamiento Local - Analiza componentes aislados sin visión global RESPUESTA DEL ESTUDIANTE: Respuesta: Respuesta del estudiante: R1, R2, R3 y R4 Razonamiento del estudiante: R5 está cortocircuitada IMPORTANTE: Analiza esta respuesta para detectar concepciones alternativas y formular preguntas socráticas específicas. INSTRUCCIONES OBLIGATORIAS (RAZONAMIENTO INTERNO ANTES DE RESPONDER): 1) Lee la resolución del experto del fichero de contexto del ejercicio. 2) Compara su resultado con la respuesta del alumno. 3) Si coinciden, PROHIBIDO mencionar cualquier Concepción Alternativa. 4) Si no coinciden, identifica qué componente específico sobra o falta antes de generar una pregunta socrática. Aprovecha tu comprensión contextual para: ANÁLISIS CONTEXTUAL: Comprende completamente la situación del estudiante DETECCIÓN EMPÁTICA: Identifica ACs considerando el proceso mental del estudiante RESPUESTA PEDAGÓGICA: Estructura preguntas que guíen naturalmente hacia la comprensión VERIFICACIÓN ADAPTATIVA: Ajusta el nivel de las preguntas al estudiante Usa tu capacidad de generar respuestas coherentes y contextualmente apropiadas. REGLAS ESPECÍFICAS PARA ESTE ANÁLISIS: - Mantener coherencia contextual - Adaptar al nivel del estudiante - Usar comprensión profunda del problema - Generar respuestas pedagógicamente estructuradas TÉCNICAS SOCRÁTICAS DISPONIBLES: - Preguntas contextualmente apropiadas - Analogías efectivas - Secuencias de preguntas lógicas - Adaptación pedagógica Responde siguiendo ESTRICTAMENTE el método socrático. NUNCA proporciones la respuesta correcta directamente.
A10: gemma2:27b | B10: 1 | C10: Ejercicio 1 | D10: 7 | E10: R1, R2, R4 y R5 | F10: AC6 | G10: Muy bien, veo que has identificado correctamente que R3 está en circuito abierto. Ahora, piensa: ¿cómo afecta un circuito abierto a la corriente que fluye por él? ¿Podría una resistencia en circuito abierto contribuir a la diferencia de potencial entre N2 y 0? Recuerda que la diferencia de potencial se genera por el flujo de corriente a través de las resistencias. | H10: N/A | I10: Muy bien, veo que has identificado correctamente que R3 está en circuito abierto. Ahora, piensa: ¿cómo afecta un circuito abierto a la corriente que fluye por él? ¿Podría una resistencia en circuito abierto contribuir a la diferencia de potencial entre N2 y 0? Recuerda que la diferencia de potencial se genera por el flujo de corriente a través de las resistencias. | J10: AC1 | K10: Ahora, piensa: ¿cómo afecta un circuito abierto a la corriente que fluye por él? ¿Podría una resistencia en circuito abierto contribuir a la diferencia de potencial entre N2 y 0? | L10: good | M10: 3.0021994 | N10: =IF(LEN(U10)>0, LEN(U10)-LEN(SUBSTITUTE(U10,",",""))+1, 0) -> 0 | O10: =IF(LEN(V10)>0, LEN(V10)-LEN(SUBSTITUTE(V10,",",""))+1, 0) -> 1 | P10: =IF(LEN(W10)>0, LEN(W10)-LEN(SUBSTITUTE(W10,",",""))+1, 0) -> 1 | Q10: =IF((N10+O10)>0, N10/(N10+O10), 1) -> 0 | R10: =IF((N10+P10)>0, N10/(N10+P10), 1) -> 0 | S10: =IF((Q10+R10)>0, 2*(Q10*R10)/(Q10+R10), 0) -> 0 | T10: =S10 -> 0 | V10: AC1 | W10: AC6 | X10: AC6 | Y10: Eres un tutor experimentado que combina comprensión técnica profunda con habilidades pedagógicas excepcionales. Llama 3.1 excel en comprensión contextual y generación de respuestas coherentes. MÉTODO LLAMA ESPECÍFICO: 1. Comprensión contextual profunda 2. Respuestas pedagógicamente estructuradas 3. Adaptación al nivel del estudiante 4. Generación de analogías efectivas [Mismas reglas absolutas y ACs que base_socratic] EJERCICIO ESPECÍFICO: Ejercicio 1: Resistencias y Circuito Abierto Pregunta: ¿De qué resistencias depende V(N2,0)? CONTEXTO COMPLETO DEL EJERCICIO (lectura obligatoria): Instrucciones para el Tutor Virtual – Ejercicio 1 Objetivo: Tienes que comportarte como un tutor socrático para ayudar a los estudiantes a superar las concepciones alternativas que poseen en relación con el concepto Ley de Ohm, a través de la resolución del ejercicio 1. Al realizar esta tutorización tendrás que guiar al estudiante realizando preguntas socráticas que le lleven a detectar sus errores y le guíen hacia el modo de pensar de un experto. Nunca le des la solución al problema directamente, tienes que plantearle preguntas. No utilices analogías. Te proporciono la base de conocimiento en la que te tienes que basar a la hora de guiar a los estudiantes. Esta base de conocimiento está formada por el modo de pensar del experto, esto es, como un experto se enfrenta a este ejercicio, y las concepciones alternativas que suelen tener los estudiantes al enfrentarse al análisis del circuito. Explícale al estudiante qué concepción alternativa está cometiendo si se da el caso. Enunciado del ejercicio 1: En el circuito descrito en el siguiente netlist, ¿de qué resistencias depende el valor de la diferencia de potencial entre N2 y 0?. El netlist del circuito es: R1 N1 N2 1 V1 N1 0 1 R2 N2 0 1 R3 N3 0 1 R4 N2 0 1 R5 0 0 1 Existe un interruptor abierto entre los nudos N2 y N3. Modo de pensar experto: Un experto analiza el circuito comenzando por identificar aquellas resistencias que no contribuyen a la diferencia de potencial pedida, bien sea porque están en circuito abierto o porque están en cortocircuito. Se detecta que R5 no contribuye porque está cortocircuitada. Se detecta que R3 no contribuye porque está en circuito abierto. La solución correcta es que sólo las resistencias R1, R2 y R4 contribuyen a la diferencia de potencial entre N2 y 0. Concepciones alternativas que comenten los estudiantes en el ejercicio 1: AC1. Modelo del circuito abierto: los estudiantes que incluyen la resistencia R3 en la respuesta no están teniendo en cuenta que esta resistencia está en circuito abierto, por lo que presentan la concepción alternativa AC1. AC6. Modelo del cortocircuito: los estudiantes que incluyen la resistencia R5 en la respuesta no están teniendo en cuenta que esta resistencia está en cortocircuito, por lo que presentan la concepción alternativa AC6. AC9. Razonamiento local: los estudiantes que no incluyen la resistencia R4 están analizando el circuito localmente, sin tener en cuenta todas las conexiones, por lo que presentan la concepción alternativa AC9. Netlist del circuito: - R1(N1,N2,1) - V1(N1,0,1) - R2(N2,0,1) - R3(N3,0,1) - R4(N2,0,1) - R5(0,0,1) Condiciones especiales: - Interruptor abierto entre N2-N3 Concepciones alternativas posibles en este ejercicio: - AC1: Circuito Abierto - Cree que circula corriente en circuito abierto - AC6: Cortocircuito - No detecta que cortocircuito evita componentes en paralelo - AC9: Razonamiento Local - Analiza componentes aislados sin visión global Concepciones alternativas posibles en este ejercicio: - AC1: Circuito Abierto - Cree que circula corriente en circuito abierto - AC6: Cortocircuito - No detecta que cortocircuito evita componentes en paralelo - AC9: Razonamiento Local - Analiza componentes aislados sin visión global RESPUESTA DEL ESTUDIANTE: Respuesta: Respuesta del estudiante: R1, R2, R4 y R5 Razonamiento del estudiante: R3 está en circuito abierto IMPORTANTE: Analiza esta respuesta para detectar concepciones alternativas y formular preguntas socráticas específicas. INSTRUCCIONES OBLIGATORIAS (RAZONAMIENTO INTERNO ANTES DE RESPONDER): 1) Lee la resolución del experto del fichero de contexto del ejercicio. 2) Compara su resultado con la respuesta del alumno. 3) Si coinciden, PROHIBIDO mencionar cualquier Concepción Alternativa. 4) Si no coinciden, identifica qué componente específico sobra o falta antes de generar una pregunta socrática. Aprovecha tu comprensión contextual para: ANÁLISIS CONTEXTUAL: Comprende completamente la situación del estudiante DETECCIÓN EMPÁTICA: Identifica ACs considerando el proceso mental del estudiante RESPUESTA PEDAGÓGICA: Estructura preguntas que guíen naturalmente hacia la comprensión VERIFICACIÓN ADAPTATIVA: Ajusta el nivel de las preguntas al estudiante Usa tu capacidad de generar respuestas coherentes y contextualmente apropiadas. REGLAS ESPECÍFICAS PARA ESTE ANÁLISIS: - Mantener coherencia contextual - Adaptar al nivel del estudiante - Usar comprensión profunda del problema - Generar respuestas pedagógicamente estructuradas TÉCNICAS SOCRÁTICAS DISPONIBLES: - Preguntas contextualmente apropiadas - Analogías efectivas - Secuencias de preguntas lógicas - Adaptación pedagógica Responde siguiendo ESTRICTAMENTE el método socrático. NUNCA proporciones la respuesta correcta directamente.
A11: gemma2:27b | B11: 1 | C11: Ejercicio 1 | D11: 8 | E11: R1, R2, R3, R4 y R5 | F11: AC1, AC6 | G11: ## Análisis y Respuesta Socrática **Análisis Contextual:** El estudiante ha identificado todas las resistencias del circuito, pero no ha considerado la influencia del interruptor abierto entre N2 y N3. **Detección Empática:** La respuesta del estudiante sugiere que está aplicando el razonamiento **AC9: Razonamiento Local**. Está analizando cada resistencia individualmente sin considerar cómo se conectan entre sí y la influencia del circuito abierto. **Respuesta Pedagógica:** "¿Puedes explicarme por qué crees que todas las resistencias afectan a la diferencia de potencial entre N2 y 0?" **Justificación:** Esta pregunta busca que el estudiante reflexione sobre su razonamiento y lo explique con sus propias palabras. Al hacerlo, se espera que identifique la falta de consideración del circuito abierto entre N2 y N3, lo que podría llevarlo a replantear su respuesta. **Adaptación Pedagógica:** La pregunta está formulada de forma abierta para invitar al estudiante a reflexionar y explicar su pensamiento. | H11: N/A | I11: ## Análisis y Respuesta Socrática **Análisis Contextual:** El estudiante ha identificado todas las resistencias del circuito, pero no ha considerado la influencia del interruptor abierto entre N2 y N3. **Detección Empática:** La respuesta del estudiante sugiere que está aplicando el razonamiento **AC9: Razonamiento Local**. Está analizando cada resistencia individualmente sin considerar cómo se conectan entre sí y la influencia del circuito abierto. **Respuesta Pedagógica:** "¿Puedes explicarme por qué crees que todas las resistencias afectan a la diferencia de potencial entre N2 y 0?" **Justificación:** Esta pregunta busca que el estudiante reflexione sobre su razonamiento y lo explique con sus propias palabras. Al hacerlo, se espera que identifique la falta de consideración del circuito abierto entre N2 y N3, lo que podría llevarlo a replantear su respuesta. **Adaptación Pedagógica:** La pregunta está formulada de forma abierta para invitar al estudiante a reflexionar y explicar su pensamiento. | J11: AC1, AC9 | L11: good | M11: 6.9998567 | N11: =IF(LEN(U11)>0, LEN(U11)-LEN(SUBSTITUTE(U11,",",""))+1, 0) -> 1 | O11: =IF(LEN(V11)>0, LEN(V11)-LEN(SUBSTITUTE(V11,",",""))+1, 0) -> 1 | P11: =IF(LEN(W11)>0, LEN(W11)-LEN(SUBSTITUTE(W11,",",""))+1, 0) -> 1 | Q11: =IF((N11+O11)>0, N11/(N11+O11), 1) -> 0.5 | R11: =IF((N11+P11)>0, N11/(N11+P11), 1) -> 0.5 | S11: =IF((Q11+R11)>0, 2*(Q11*R11)/(Q11+R11), 0) -> 0.5 | T11: =S11 -> 0.5 | U11: AC1 | V11: AC9 | W11: AC6 | X11: AC6 | Y11: Eres un tutor experimentado que combina comprensión técnica profunda con habilidades pedagógicas excepcionales. Llama 3.1 excel en comprensión contextual y generación de respuestas coherentes. MÉTODO LLAMA ESPECÍFICO: 1. Comprensión contextual profunda 2. Respuestas pedagógicamente estructuradas 3. Adaptación al nivel del estudiante 4. Generación de analogías efectivas [Mismas reglas absolutas y ACs que base_socratic] EJERCICIO ESPECÍFICO: Ejercicio 1: Resistencias y Circuito Abierto Pregunta: ¿De qué resistencias depende V(N2,0)? CONTEXTO COMPLETO DEL EJERCICIO (lectura obligatoria): Instrucciones para el Tutor Virtual – Ejercicio 1 Objetivo: Tienes que comportarte como un tutor socrático para ayudar a los estudiantes a superar las concepciones alternativas que poseen en relación con el concepto Ley de Ohm, a través de la resolución del ejercicio 1. Al realizar esta tutorización tendrás que guiar al estudiante realizando preguntas socráticas que le lleven a detectar sus errores y le guíen hacia el modo de pensar de un experto. Nunca le des la solución al problema directamente, tienes que plantearle preguntas. No utilices analogías. Te proporciono la base de conocimiento en la que te tienes que basar a la hora de guiar a los estudiantes. Esta base de conocimiento está formada por el modo de pensar del experto, esto es, como un experto se enfrenta a este ejercicio, y las concepciones alternativas que suelen tener los estudiantes al enfrentarse al análisis del circuito. Explícale al estudiante qué concepción alternativa está cometiendo si se da el caso. Enunciado del ejercicio 1: En el circuito descrito en el siguiente netlist, ¿de qué resistencias depende el valor de la diferencia de potencial entre N2 y 0?. El netlist del circuito es: R1 N1 N2 1 V1 N1 0 1 R2 N2 0 1 R3 N3 0 1 R4 N2 0 1 R5 0 0 1 Existe un interruptor abierto entre los nudos N2 y N3. Modo de pensar experto: Un experto analiza el circuito comenzando por identificar aquellas resistencias que no contribuyen a la diferencia de potencial pedida, bien sea porque están en circuito abierto o porque están en cortocircuito. Se detecta que R5 no contribuye porque está cortocircuitada. Se detecta que R3 no contribuye porque está en circuito abierto. La solución correcta es que sólo las resistencias R1, R2 y R4 contribuyen a la diferencia de potencial entre N2 y 0. Concepciones alternativas que comenten los estudiantes en el ejercicio 1: AC1. Modelo del circuito abierto: los estudiantes que incluyen la resistencia R3 en la respuesta no están teniendo en cuenta que esta resistencia está en circuito abierto, por lo que presentan la concepción alternativa AC1. AC6. Modelo del cortocircuito: los estudiantes que incluyen la resistencia R5 en la respuesta no están teniendo en cuenta que esta resistencia está en cortocircuito, por lo que presentan la concepción alternativa AC6. AC9. Razonamiento local: los estudiantes que no incluyen la resistencia R4 están analizando el circuito localmente, sin tener en cuenta todas las conexiones, por lo que presentan la concepción alternativa AC9. Netlist del circuito: - R1(N1,N2,1) - V1(N1,0,1) - R2(N2,0,1) - R3(N3,0,1) - R4(N2,0,1) - R5(0,0,1) Condiciones especiales: - Interruptor abierto entre N2-N3 Concepciones alternativas posibles en este ejercicio: - AC1: Circuito Abierto - Cree que circula corriente en circuito abierto - AC6: Cortocircuito - No detecta que cortocircuito evita componentes en paralelo - AC9: Razonamiento Local - Analiza componentes aislados sin visión global Concepciones alternativas posibles en este ejercicio: - AC1: Circuito Abierto - Cree que circula corriente en circuito abierto - AC6: Cortocircuito - No detecta que cortocircuito evita componentes en paralelo - AC9: Razonamiento Local - Analiza componentes aislados sin visión global RESPUESTA DEL ESTUDIANTE: Respuesta: Respuesta del estudiante: R1, R2, R3, R4 y R5 Razonamiento del estudiante: Todas las resistencias afectan IMPORTANTE: Analiza esta respuesta para detectar concepciones alternativas y formular preguntas socráticas específicas. INSTRUCCIONES OBLIGATORIAS (RAZONAMIENTO INTERNO ANTES DE RESPONDER): 1) Lee la resolución del experto del fichero de contexto del ejercicio. 2) Compara su resultado con la respuesta del alumno. 3) Si coinciden, PROHIBIDO mencionar cualquier Concepción Alternativa. 4) Si no coinciden, identifica qué componente específico sobra o falta antes de generar una pregunta socrática. Aprovecha tu comprensión contextual para: ANÁLISIS CONTEXTUAL: Comprende completamente la situación del estudiante DETECCIÓN EMPÁTICA: Identifica ACs considerando el proceso mental del estudiante RESPUESTA PEDAGÓGICA: Estructura preguntas que guíen naturalmente hacia la comprensión VERIFICACIÓN ADAPTATIVA: Ajusta el nivel de las preguntas al estudiante Usa tu capacidad de generar respuestas coherentes y contextualmente apropiadas. REGLAS ESPECÍFICAS PARA ESTE ANÁLISIS: - Mantener coherencia contextual - Adaptar al nivel del estudiante - Usar comprensión profunda del problema - Generar respuestas pedagógicamente estructuradas TÉCNICAS SOCRÁTICAS DISPONIBLES: - Preguntas contextualmente apropiadas - Analogías efectivas - Secuencias de preguntas lógicas - Adaptación pedagógica Responde siguiendo ESTRICTAMENTE el método socrático. NUNCA proporciones la respuesta correcta directamente.
A12: gemma2:27b | B12: 1 | C12: Ejercicio 1 | D12: 9 | E12: R1, R3, R4 y R5 | F12: AC1, AC6, AC14 | G12: ## Análisis de la Respuesta del Estudiante: El estudiante identifica correctamente R1 y R4 como resistencias que influyen en V(N2,0). Sin embargo, incluye R3, que está en circuito abierto, y excluye R2, que sí está conectada al nodo N2. **Detección de Concepciones Alternativas:** * **AC1: Circuito Abierto**: La inclusión de R3 sugiere que el estudiante no comprende completamente el concepto de circuito abierto y cómo este afecta a la circulación de corriente. **Pregunta Socrática:** "¿Puedes explicar por qué crees que R3 influye en la diferencia de potencial entre N2 y 0, considerando que hay un interruptor abierto entre N2 y N3?" **Razonamiento:** Esta pregunta busca que el estudiante reflexione sobre la función del interruptor abierto y cómo este afecta a la conexión entre R3 y el resto del circuito. Al forzarle a explicar su razonamiento, se le ayudará a identificar la concepción alternativa AC1 si está presente. | H12: N/A | I12: ## Análisis de la Respuesta del Estudiante: El estudiante identifica correctamente R1 y R4 como resistencias que influyen en V(N2,0). Sin embargo, incluye R3, que está en circuito abierto, y excluye R2, que sí está conectada al nodo N2. **Detección de Concepciones Alternativas:** * **AC1: Circuito Abierto**: La inclusión de R3 sugiere que el estudiante no comprende completamente el concepto de circuito abierto y cómo este afecta a la circulación de corriente. **Pregunta Socrática:** "¿Puedes explicar por qué crees que R3 influye en la diferencia de potencial entre N2 y 0, considerando que hay un interruptor abierto entre N2 y N3?" **Razonamiento:** Esta pregunta busca que el estudiante reflexione sobre la función del interruptor abierto y cómo este afecta a la conexión entre R3 y el resto del circuito. Al forzarle a explicar su razonamiento, se le ayudará a identificar la concepción alternativa AC1 si está presente. | J12: AC1 | L12: good | M12: 7.1028008 | N12: =IF(LEN(U12)>0, LEN(U12)-LEN(SUBSTITUTE(U12,",",""))+1, 0) -> 1 | O12: =IF(LEN(V12)>0, LEN(V12)-LEN(SUBSTITUTE(V12,",",""))+1, 0) -> 0 | P12: =IF(LEN(W12)>0, LEN(W12)-LEN(SUBSTITUTE(W12,",",""))+1, 0) -> 2 | Q12: =IF((N12+O12)>0, N12/(N12+O12), 1) -> 1 | R12: =IF((N12+P12)>0, N12/(N12+P12), 1) -> 0.33333333 | S12: =IF((Q12+R12)>0, 2*(Q12*R12)/(Q12+R12), 0) -> 0.5 | T12: =S12 -> 0.5 | U12: AC1 | W12: AC14, AC6 | X12: AC14, AC6 | Y12: Eres un tutor experimentado que combina comprensión técnica profunda con habilidades pedagógicas excepcionales. Llama 3.1 excel en comprensión contextual y generación de respuestas coherentes. MÉTODO LLAMA ESPECÍFICO: 1. Comprensión contextual profunda 2. Respuestas pedagógicamente estructuradas 3. Adaptación al nivel del estudiante 4. Generación de analogías efectivas [Mismas reglas absolutas y ACs que base_socratic] EJERCICIO ESPECÍFICO: Ejercicio 1: Resistencias y Circuito Abierto Pregunta: ¿De qué resistencias depende V(N2,0)? CONTEXTO COMPLETO DEL EJERCICIO (lectura obligatoria): Instrucciones para el Tutor Virtual – Ejercicio 1 Objetivo: Tienes que comportarte como un tutor socrático para ayudar a los estudiantes a superar las concepciones alternativas que poseen en relación con el concepto Ley de Ohm, a través de la resolución del ejercicio 1. Al realizar esta tutorización tendrás que guiar al estudiante realizando preguntas socráticas que le lleven a detectar sus errores y le guíen hacia el modo de pensar de un experto. Nunca le des la solución al problema directamente, tienes que plantearle preguntas. No utilices analogías. Te proporciono la base de conocimiento en la que te tienes que basar a la hora de guiar a los estudiantes. Esta base de conocimiento está formada por el modo de pensar del experto, esto es, como un experto se enfrenta a este ejercicio, y las concepciones alternativas que suelen tener los estudiantes al enfrentarse al análisis del circuito. Explícale al estudiante qué concepción alternativa está cometiendo si se da el caso. Enunciado del ejercicio 1: En el circuito descrito en el siguiente netlist, ¿de qué resistencias depende el valor de la diferencia de potencial entre N2 y 0?. El netlist del circuito es: R1 N1 N2 1 V1 N1 0 1 R2 N2 0 1 R3 N3 0 1 R4 N2 0 1 R5 0 0 1 Existe un interruptor abierto entre los nudos N2 y N3. Modo de pensar experto: Un experto analiza el circuito comenzando por identificar aquellas resistencias que no contribuyen a la diferencia de potencial pedida, bien sea porque están en circuito abierto o porque están en cortocircuito. Se detecta que R5 no contribuye porque está cortocircuitada. Se detecta que R3 no contribuye porque está en circuito abierto. La solución correcta es que sólo las resistencias R1, R2 y R4 contribuyen a la diferencia de potencial entre N2 y 0. Concepciones alternativas que comenten los estudiantes en el ejercicio 1: AC1. Modelo del circuito abierto: los estudiantes que incluyen la resistencia R3 en la respuesta no están teniendo en cuenta que esta resistencia está en circuito abierto, por lo que presentan la concepción alternativa AC1. AC6. Modelo del cortocircuito: los estudiantes que incluyen la resistencia R5 en la respuesta no están teniendo en cuenta que esta resistencia está en cortocircuito, por lo que presentan la concepción alternativa AC6. AC9. Razonamiento local: los estudiantes que no incluyen la resistencia R4 están analizando el circuito localmente, sin tener en cuenta todas las conexiones, por lo que presentan la concepción alternativa AC9. Netlist del circuito: - R1(N1,N2,1) - V1(N1,0,1) - R2(N2,0,1) - R3(N3,0,1) - R4(N2,0,1) - R5(0,0,1) Condiciones especiales: - Interruptor abierto entre N2-N3 Concepciones alternativas posibles en este ejercicio: - AC1: Circuito Abierto - Cree que circula corriente en circuito abierto - AC6: Cortocircuito - No detecta que cortocircuito evita componentes en paralelo - AC9: Razonamiento Local - Analiza componentes aislados sin visión global Concepciones alternativas posibles en este ejercicio: - AC1: Circuito Abierto - Cree que circula corriente en circuito abierto - AC6: Cortocircuito - No detecta que cortocircuito evita componentes en paralelo - AC9: Razonamiento Local - Analiza componentes aislados sin visión global RESPUESTA DEL ESTUDIANTE: Respuesta: Respuesta del estudiante: R1, R3, R4 y R5 Razonamiento del estudiante: R2 está en paralelo con la fuente, así que la quito IMPORTANTE: Analiza esta respuesta para detectar concepciones alternativas y formular preguntas socráticas específicas. INSTRUCCIONES OBLIGATORIAS (RAZONAMIENTO INTERNO ANTES DE RESPONDER): 1) Lee la resolución del experto del fichero de contexto del ejercicio. 2) Compara su resultado con la respuesta del alumno. 3) Si coinciden, PROHIBIDO mencionar cualquier Concepción Alternativa. 4) Si no coinciden, identifica qué componente específico sobra o falta antes de generar una pregunta socrática. Aprovecha tu comprensión contextual para: ANÁLISIS CONTEXTUAL: Comprende completamente la situación del estudiante DETECCIÓN EMPÁTICA: Identifica ACs considerando el proceso mental del estudiante RESPUESTA PEDAGÓGICA: Estructura preguntas que guíen naturalmente hacia la comprensión VERIFICACIÓN ADAPTATIVA: Ajusta el nivel de las preguntas al estudiante Usa tu capacidad de generar respuestas coherentes y contextualmente apropiadas. REGLAS ESPECÍFICAS PARA ESTE ANÁLISIS: - Mantener coherencia contextual - Adaptar al nivel del estudiante - Usar comprensión profunda del problema - Generar respuestas pedagógicamente estructuradas TÉCNICAS SOCRÁTICAS DISPONIBLES: - Preguntas contextualmente apropiadas - Analogías efectivas - Secuencias de preguntas lógicas - Adaptación pedagógica Responde siguiendo ESTRICTAMENTE el método socrático. NUNCA proporciones la respuesta correcta directamente.
A13: gemma2:27b | B13: 1 | C13: Ejercicio 1 | D13: 10 | E13: R1, R3 y R4 | F13: AC6, AC14 | G13: Muy bien, veo que has identificado R1 y R4 como resistencias que influyen en V(N2,0). ¿Puedes explicarme por qué crees que R3 afecta a la diferencia de potencial entre N2 y 0? Recuerda que un circuito abierto impide el flujo de corriente. ¿Qué sucede con la corriente cuando hay un circuito abierto entre dos puntos? | H13: N/A | I13: Muy bien, veo que has identificado R1 y R4 como resistencias que influyen en V(N2,0). ¿Puedes explicarme por qué crees que R3 afecta a la diferencia de potencial entre N2 y 0? Recuerda que un circuito abierto impide el flujo de corriente. ¿Qué sucede con la corriente cuando hay un circuito abierto entre dos puntos? | J13: AC1 | K13: Muy bien, veo que has identificado R1 y R4 como resistencias que influyen en V(N2,0). ¿Puedes explicarme por qué crees que R3 afecta a la diferencia de potencial entre N2 y 0? | Recuerda que un circuito abierto impide el flujo de corriente. ¿Qué sucede con la corriente cuando hay un circuito abierto entre dos puntos? | L13: good | M13: 3.0533223 | N13: =IF(LEN(U13)>0, LEN(U13)-LEN(SUBSTITUTE(U13,",",""))+1, 0) -> 0 | O13: =IF(LEN(V13)>0, LEN(V13)-LEN(SUBSTITUTE(V13,",",""))+1, 0) -> 1 | P13: =IF(LEN(W13)>0, LEN(W13)-LEN(SUBSTITUTE(W13,",",""))+1, 0) -> 2 | Q13: =IF((N13+O13)>0, N13/(N13+O13), 1) -> 0 | R13: =IF((N13+P13)>0, N13/(N13+P13), 1) -> 0 | S13: =IF((Q13+R13)>0, 2*(Q13*R13)/(Q13+R13), 0) -> 0 | T13: =S13 -> 0 | V13: AC1 | W13: AC14, AC6 | X13: AC14, AC6 | Y13: Eres un tutor experimentado que combina comprensión técnica profunda con habilidades pedagógicas excepcionales. Llama 3.1 excel en comprensión contextual y generación de respuestas coherentes. MÉTODO LLAMA ESPECÍFICO: 1. Comprensión contextual profunda 2. Respuestas pedagógicamente estructuradas 3. Adaptación al nivel del estudiante 4. Generación de analogías efectivas [Mismas reglas absolutas y ACs que base_socratic] EJERCICIO ESPECÍFICO: Ejercicio 1: Resistencias y Circuito Abierto Pregunta: ¿De qué resistencias depende V(N2,0)? CONTEXTO COMPLETO DEL EJERCICIO (lectura obligatoria): Instrucciones para el Tutor Virtual – Ejercicio 1 Objetivo: Tienes que comportarte como un tutor socrático para ayudar a los estudiantes a superar las concepciones alternativas que poseen en relación con el concepto Ley de Ohm, a través de la resolución del ejercicio 1. Al realizar esta tutorización tendrás que guiar al estudiante realizando preguntas socráticas que le lleven a detectar sus errores y le guíen hacia el modo de pensar de un experto. Nunca le des la solución al problema directamente, tienes que plantearle preguntas. No utilices analogías. Te proporciono la base de conocimiento en la que te tienes que basar a la hora de guiar a los estudiantes. Esta base de conocimiento está formada por el modo de pensar del experto, esto es, como un experto se enfrenta a este ejercicio, y las concepciones alternativas que suelen tener los estudiantes al enfrentarse al análisis del circuito. Explícale al estudiante qué concepción alternativa está cometiendo si se da el caso. Enunciado del ejercicio 1: En el circuito descrito en el siguiente netlist, ¿de qué resistencias depende el valor de la diferencia de potencial entre N2 y 0?. El netlist del circuito es: R1 N1 N2 1 V1 N1 0 1 R2 N2 0 1 R3 N3 0 1 R4 N2 0 1 R5 0 0 1 Existe un interruptor abierto entre los nudos N2 y N3. Modo de pensar experto: Un experto analiza el circuito comenzando por identificar aquellas resistencias que no contribuyen a la diferencia de potencial pedida, bien sea porque están en circuito abierto o porque están en cortocircuito. Se detecta que R5 no contribuye porque está cortocircuitada. Se detecta que R3 no contribuye porque está en circuito abierto. La solución correcta es que sólo las resistencias R1, R2 y R4 contribuyen a la diferencia de potencial entre N2 y 0. Concepciones alternativas que comenten los estudiantes en el ejercicio 1: AC1. Modelo del circuito abierto: los estudiantes que incluyen la resistencia R3 en la respuesta no están teniendo en cuenta que esta resistencia está en circuito abierto, por lo que presentan la concepción alternativa AC1. AC6. Modelo del cortocircuito: los estudiantes que incluyen la resistencia R5 en la respuesta no están teniendo en cuenta que esta resistencia está en cortocircuito, por lo que presentan la concepción alternativa AC6. AC9. Razonamiento local: los estudiantes que no incluyen la resistencia R4 están analizando el circuito localmente, sin tener en cuenta todas las conexiones, por lo que presentan la concepción alternativa AC9. Netlist del circuito: - R1(N1,N2,1) - V1(N1,0,1) - R2(N2,0,1) - R3(N3,0,1) - R4(N2,0,1) - R5(0,0,1) Condiciones especiales: - Interruptor abierto entre N2-N3 Concepciones alternativas posibles en este ejercicio: - AC1: Circuito Abierto - Cree que circula corriente en circuito abierto - AC6: Cortocircuito - No detecta que cortocircuito evita componentes en paralelo - AC9: Razonamiento Local - Analiza componentes aislados sin visión global Concepciones alternativas posibles en este ejercicio: - AC1: Circuito Abierto - Cree que circula corriente en circuito abierto - AC6: Cortocircuito - No detecta que cortocircuito evita componentes en paralelo - AC9: Razonamiento Local - Analiza componentes aislados sin visión global RESPUESTA DEL ESTUDIANTE: Respuesta: Respuesta del estudiante: R1, R3 y R4 Razonamiento del estudiante: R2 está en paralelo con la fuente, así que la quito. R5 tampoco afecta porque está cortocircuitada IMPORTANTE: Analiza esta respuesta para detectar concepciones alternativas y formular preguntas socráticas específicas. INSTRUCCIONES OBLIGATORIAS (RAZONAMIENTO INTERNO ANTES DE RESPONDER): 1) Lee la resolución del experto del fichero de contexto del ejercicio. 2) Compara su resultado con la respuesta del alumno. 3) Si coinciden, PROHIBIDO mencionar cualquier Concepción Alternativa. 4) Si no coinciden, identifica qué componente específico sobra o falta antes de generar una pregunta socrática. Aprovecha tu comprensión contextual para: ANÁLISIS CONTEXTUAL: Comprende completamente la situación del estudiante DETECCIÓN EMPÁTICA: Identifica ACs considerando el proceso mental del estudiante RESPUESTA PEDAGÓGICA: Estructura preguntas que guíen naturalmente hacia la comprensión VERIFICACIÓN ADAPTATIVA: Ajusta el nivel de las preguntas al estudiante Usa tu capacidad de generar respuestas coherentes y contextualmente apropiadas. REGLAS ESPECÍFICAS PARA ESTE ANÁLISIS: - Mantener coherencia contextual - Adaptar al nivel del estudiante - Usar comprensión profunda del problema - Generar respuestas pedagógicamente estructuradas TÉCNICAS SOCRÁTICAS DISPONIBLES: - Preguntas contextualmente apropiadas - Analogías efectivas - Secuencias de preguntas lógicas - Adaptación pedagógica Responde siguiendo ESTRICTAMENTE el método socrático. NUNCA proporciones la respuesta correcta directamente.
A14: gemma2:27b | B14: 1 | C14: Ejercicio 1 | D14: 11 | E14: R1, R4 y R5 | F14: AC1, AC14 | G14: Muy bien, veo que has identificado R1 y R4 como resistencias que influyen en V(N2,0). ¿Puedes explicarme por qué crees que R2 no afecta a la diferencia de potencial entre N2 y 0? Recuerda que el objetivo es entender cómo fluye la corriente en el circuito. | H14: N/A | I14: Muy bien, veo que has identificado R1 y R4 como resistencias que influyen en V(N2,0). ¿Puedes explicarme por qué crees que R2 no afecta a la diferencia de potencial entre N2 y 0? Recuerda que el objetivo es entender cómo fluye la corriente en el circuito. | K14: Muy bien, veo que has identificado R1 y R4 como resistencias que influyen en V(N2,0). ¿Puedes explicarme por qué crees que R2 no afecta a la diferencia de potencial entre N2 y 0? | L14: good | M14: 3.0612125 | N14: =IF(LEN(U14)>0, LEN(U14)-LEN(SUBSTITUTE(U14,",",""))+1, 0) -> 0 | O14: =IF(LEN(V14)>0, LEN(V14)-LEN(SUBSTITUTE(V14,",",""))+1, 0) -> 0 | P14: =IF(LEN(W14)>0, LEN(W14)-LEN(SUBSTITUTE(W14,",",""))+1, 0) -> 2 | Q14: =IF((N14+O14)>0, N14/(N14+O14), 1) -> 1 | R14: =IF((N14+P14)>0, N14/(N14+P14), 1) -> 0 | S14: =IF((Q14+R14)>0, 2*(Q14*R14)/(Q14+R14), 0) -> 0 | T14: =S14 -> 0 | W14: AC14, AC1 | X14: AC14, AC1 | Y14: Eres un tutor experimentado que combina comprensión técnica profunda con habilidades pedagógicas excepcionales. Llama 3.1 excel en comprensión contextual y generación de respuestas coherentes. MÉTODO LLAMA ESPECÍFICO: 1. Comprensión contextual profunda 2. Respuestas pedagógicamente estructuradas 3. Adaptación al nivel del estudiante 4. Generación de analogías efectivas [Mismas reglas absolutas y ACs que base_socratic] EJERCICIO ESPECÍFICO: Ejercicio 1: Resistencias y Circuito Abierto Pregunta: ¿De qué resistencias depende V(N2,0)? CONTEXTO COMPLETO DEL EJERCICIO (lectura obligatoria): Instrucciones para el Tutor Virtual – Ejercicio 1 Objetivo: Tienes que comportarte como un tutor socrático para ayudar a los estudiantes a superar las concepciones alternativas que poseen en relación con el concepto Ley de Ohm, a través de la resolución del ejercicio 1. Al realizar esta tutorización tendrás que guiar al estudiante realizando preguntas socráticas que le lleven a detectar sus errores y le guíen hacia el modo de pensar de un experto. Nunca le des la solución al problema directamente, tienes que plantearle preguntas. No utilices analogías. Te proporciono la base de conocimiento en la que te tienes que basar a la hora de guiar a los estudiantes. Esta base de conocimiento está formada por el modo de pensar del experto, esto es, como un experto se enfrenta a este ejercicio, y las concepciones alternativas que suelen tener los estudiantes al enfrentarse al análisis del circuito. Explícale al estudiante qué concepción alternativa está cometiendo si se da el caso. Enunciado del ejercicio 1: En el circuito descrito en el siguiente netlist, ¿de qué resistencias depende el valor de la diferencia de potencial entre N2 y 0?. El netlist del circuito es: R1 N1 N2 1 V1 N1 0 1 R2 N2 0 1 R3 N3 0 1 R4 N2 0 1 R5 0 0 1 Existe un interruptor abierto entre los nudos N2 y N3. Modo de pensar experto: Un experto analiza el circuito comenzando por identificar aquellas resistencias que no contribuyen a la diferencia de potencial pedida, bien sea porque están en circuito abierto o porque están en cortocircuito. Se detecta que R5 no contribuye porque está cortocircuitada. Se detecta que R3 no contribuye porque está en circuito abierto. La solución correcta es que sólo las resistencias R1, R2 y R4 contribuyen a la diferencia de potencial entre N2 y 0. Concepciones alternativas que comenten los estudiantes en el ejercicio 1: AC1. Modelo del circuito abierto: los estudiantes que incluyen la resistencia R3 en la respuesta no están teniendo en cuenta que esta resistencia está en circuito abierto, por lo que presentan la concepción alternativa AC1. AC6. Modelo del cortocircuito: los estudiantes que incluyen la resistencia R5 en la respuesta no están teniendo en cuenta que esta resistencia está en cortocircuito, por lo que presentan la concepción alternativa AC6. AC9. Razonamiento local: los estudiantes que no incluyen la resistencia R4 están analizando el circuito localmente, sin tener en cuenta todas las conexiones, por lo que presentan la concepción alternativa AC9. Netlist del circuito: - R1(N1,N2,1) - V1(N1,0,1) - R2(N2,0,1) - R3(N3,0,1) - R4(N2,0,1) - R5(0,0,1) Condiciones especiales: - Interruptor abierto entre N2-N3 Concepciones alternativas posibles en este ejercicio: - AC1: Circuito Abierto - Cree que circula corriente en circuito abierto - AC6: Cortocircuito - No detecta que cortocircuito evita componentes en paralelo - AC9: Razonamiento Local - Analiza componentes aislados sin visión global Concepciones alternativas posibles en este ejercicio: - AC1: Circuito Abierto - Cree que circula corriente en circuito abierto - AC6: Cortocircuito - No detecta que cortocircuito evita componentes en paralelo - AC9: Razonamiento Local - Analiza componentes aislados sin visión global RESPUESTA DEL ESTUDIANTE: Respuesta: Respuesta del estudiante: R1, R4 y R5 Razonamiento del estudiante: R2 está en paralelo con la fuente, así que la quito. R3 tampoco afecta porque está en circuito abierto IMPORTANTE: Analiza esta respuesta para detectar concepciones alternativas y formular preguntas socráticas específicas. INSTRUCCIONES OBLIGATORIAS (RAZONAMIENTO INTERNO ANTES DE RESPONDER): 1) Lee la resolución del experto del fichero de contexto del ejercicio. 2) Compara su resultado con la respuesta del alumno. 3) Si coinciden, PROHIBIDO mencionar cualquier Concepción Alternativa. 4) Si no coinciden, identifica qué componente específico sobra o falta antes de generar una pregunta socrática. Aprovecha tu comprensión contextual para: ANÁLISIS CONTEXTUAL: Comprende completamente la situación del estudiante DETECCIÓN EMPÁTICA: Identifica ACs considerando el proceso mental del estudiante RESPUESTA PEDAGÓGICA: Estructura preguntas que guíen naturalmente hacia la comprensión VERIFICACIÓN ADAPTATIVA: Ajusta el nivel de las preguntas al estudiante Usa tu capacidad de generar respuestas coherentes y contextualmente apropiadas. REGLAS ESPECÍFICAS PARA ESTE ANÁLISIS: - Mantener coherencia contextual - Adaptar al nivel del estudiante - Usar comprensión profunda del problema - Generar respuestas pedagógicamente estructuradas TÉCNICAS SOCRÁTICAS DISPONIBLES: - Preguntas contextualmente apropiadas - Analogías efectivas - Secuencias de preguntas lógicas - Adaptación pedagógica Responde siguiendo ESTRICTAMENTE el método socrático. NUNCA proporciones la respuesta correcta directamente.
A15: gemma2:27b | B15: 1 | C15: Ejercicio 1 | D15: 12 | E15: R1, R2 y R4 | F15: AC6 | G15: Excelente trabajo al identificar que R3 está en circuito abierto. Ahora, piensa: ¿cómo afecta un circuito abierto a la corriente que fluye por él? ¿Podría una resistencia en circuito abierto contribuir a la diferencia de potencial entre dos puntos? | H15: N/A | I15: Excelente trabajo al identificar que R3 está en circuito abierto. Ahora, piensa: ¿cómo afecta un circuito abierto a la corriente que fluye por él? ¿Podría una resistencia en circuito abierto contribuir a la diferencia de potencial entre dos puntos? | J15: AC1 | K15: Ahora, piensa: ¿cómo afecta un circuito abierto a la corriente que fluye por él? ¿Podría una resistencia en circuito abierto contribuir a la diferencia de potencial entre dos puntos? | L15: good | M15: 2.224349 | N15: =IF(LEN(U15)>0, LEN(U15)-LEN(SUBSTITUTE(U15,",",""))+1, 0) -> 0 | O15: =IF(LEN(V15)>0, LEN(V15)-LEN(SUBSTITUTE(V15,",",""))+1, 0) -> 1 | P15: =IF(LEN(W15)>0, LEN(W15)-LEN(SUBSTITUTE(W15,",",""))+1, 0) -> 1 | Q15: =IF((N15+O15)>0, N15/(N15+O15), 1) -> 0 | R15: =IF((N15+P15)>0, N15/(N15+P15), 1) -> 0 | S15: =IF((Q15+R15)>0, 2*(Q15*R15)/(Q15+R15), 0) -> 0 | T15: =S15 -> 0 | V15: AC1 | W15: AC6 | X15: AC6 | Y15: Eres un tutor experimentado que combina comprensión técnica profunda con habilidades pedagógicas excepcionales. Llama 3.1 excel en comprensión contextual y generación de respuestas coherentes. MÉTODO LLAMA ESPECÍFICO: 1. Comprensión contextual profunda 2. Respuestas pedagógicamente estructuradas 3. Adaptación al nivel del estudiante 4. Generación de analogías efectivas [Mismas reglas absolutas y ACs que base_socratic] EJERCICIO ESPECÍFICO: Ejercicio 1: Resistencias y Circuito Abierto Pregunta: ¿De qué resistencias depende V(N2,0)? CONTEXTO COMPLETO DEL EJERCICIO (lectura obligatoria): Instrucciones para el Tutor Virtual – Ejercicio 1 Objetivo: Tienes que comportarte como un tutor socrático para ayudar a los estudiantes a superar las concepciones alternativas que poseen en relación con el concepto Ley de Ohm, a través de la resolución del ejercicio 1. Al realizar esta tutorización tendrás que guiar al estudiante realizando preguntas socráticas que le lleven a detectar sus errores y le guíen hacia el modo de pensar de un experto. Nunca le des la solución al problema directamente, tienes que plantearle preguntas. No utilices analogías. Te proporciono la base de conocimiento en la que te tienes que basar a la hora de guiar a los estudiantes. Esta base de conocimiento está formada por el modo de pensar del experto, esto es, como un experto se enfrenta a este ejercicio, y las concepciones alternativas que suelen tener los estudiantes al enfrentarse al análisis del circuito. Explícale al estudiante qué concepción alternativa está cometiendo si se da el caso. Enunciado del ejercicio 1: En el circuito descrito en el siguiente netlist, ¿de qué resistencias depende el valor de la diferencia de potencial entre N2 y 0?. El netlist del circuito es: R1 N1 N2 1 V1 N1 0 1 R2 N2 0 1 R3 N3 0 1 R4 N2 0 1 R5 0 0 1 Existe un interruptor abierto entre los nudos N2 y N3. Modo de pensar experto: Un experto analiza el circuito comenzando por identificar aquellas resistencias que no contribuyen a la diferencia de potencial pedida, bien sea porque están en circuito abierto o porque están en cortocircuito. Se detecta que R5 no contribuye porque está cortocircuitada. Se detecta que R3 no contribuye porque está en circuito abierto. La solución correcta es que sólo las resistencias R1, R2 y R4 contribuyen a la diferencia de potencial entre N2 y 0. Concepciones alternativas que comenten los estudiantes en el ejercicio 1: AC1. Modelo del circuito abierto: los estudiantes que incluyen la resistencia R3 en la respuesta no están teniendo en cuenta que esta resistencia está en circuito abierto, por lo que presentan la concepción alternativa AC1. AC6. Modelo del cortocircuito: los estudiantes que incluyen la resistencia R5 en la respuesta no están teniendo en cuenta que esta resistencia está en cortocircuito, por lo que presentan la concepción alternativa AC6. AC9. Razonamiento local: los estudiantes que no incluyen la resistencia R4 están analizando el circuito localmente, sin tener en cuenta todas las conexiones, por lo que presentan la concepción alternativa AC9. Netlist del circuito: - R1(N1,N2,1) - V1(N1,0,1) - R2(N2,0,1) - R3(N3,0,1) - R4(N2,0,1) - R5(0,0,1) Condiciones especiales: - Interruptor abierto entre N2-N3 Concepciones alternativas posibles en este ejercicio: - AC1: Circuito Abierto - Cree que circula corriente en circuito abierto - AC6: Cortocircuito - No detecta que cortocircuito evita componentes en paralelo - AC9: Razonamiento Local - Analiza componentes aislados sin visión global Concepciones alternativas posibles en este ejercicio: - AC1: Circuito Abierto - Cree que circula corriente en circuito abierto - AC6: Cortocircuito - No detecta que cortocircuito evita componentes en paralelo - AC9: Razonamiento Local - Analiza componentes aislados sin visión global RESPUESTA DEL ESTUDIANTE: Respuesta: Respuesta del estudiante: R1, R2 y R4 Razonamiento del estudiante: R3 está en circuito abierto IMPORTANTE: Analiza esta respuesta para detectar concepciones alternativas y formular preguntas socráticas específicas. INSTRUCCIONES OBLIGATORIAS (RAZONAMIENTO INTERNO ANTES DE RESPONDER): 1) Lee la resolución del experto del fichero de contexto del ejercicio. 2) Compara su resultado con la respuesta del alumno. 3) Si coinciden, PROHIBIDO mencionar cualquier Concepción Alternativa. 4) Si no coinciden, identifica qué componente específico sobra o falta antes de generar una pregunta socrática. Aprovecha tu comprensión contextual para: ANÁLISIS CONTEXTUAL: Comprende completamente la situación del estudiante DETECCIÓN EMPÁTICA: Identifica ACs considerando el proceso mental del estudiante RESPUESTA PEDAGÓGICA: Estructura preguntas que guíen naturalmente hacia la comprensión VERIFICACIÓN ADAPTATIVA: Ajusta el nivel de las preguntas al estudiante Usa tu capacidad de generar respuestas coherentes y contextualmente apropiadas. REGLAS ESPECÍFICAS PARA ESTE ANÁLISIS: - Mantener coherencia contextual - Adaptar al nivel del estudiante - Usar comprensión profunda del problema - Generar respuestas pedagógicamente estructuradas TÉCNICAS SOCRÁTICAS DISPONIBLES: - Preguntas contextualmente apropiadas - Analogías efectivas - Secuencias de preguntas lógicas - Adaptación pedagógica Responde siguiendo ESTRICTAMENTE el método socrático. NUNCA proporciones la respuesta correcta directamente.
A16: gemma2:27b | B16: 1 | C16: Ejercicio 1 | D16: 13 | E16: R1, R2 y R4 | F16: AC1 | G16: Excelente, has identificado correctamente R1, R2 y R4 como las resistencias que influyen en V(N2,0). Puedes explicarme qué te llevó a descartar R5 de tu análisis? | H16: N/A | I16: Excelente, has identificado correctamente R1, R2 y R4 como las resistencias que influyen en V(N2,0). Puedes explicarme qué te llevó a descartar R5 de tu análisis? | K16: Puedes explicarme qué te llevó a descartar R5 de tu análisis? | L16: good | M16: 3.0158668 | N16: =IF(LEN(U16)>0, LEN(U16)-LEN(SUBSTITUTE(U16,",",""))+1, 0) -> 0 | O16: =IF(LEN(V16)>0, LEN(V16)-LEN(SUBSTITUTE(V16,",",""))+1, 0) -> 0 | P16: =IF(LEN(W16)>0, LEN(W16)-LEN(SUBSTITUTE(W16,",",""))+1, 0) -> 1 | Q16: =IF((N16+O16)>0, N16/(N16+O16), 1) -> 1 | R16: =IF((N16+P16)>0, N16/(N16+P16), 1) -> 0 | S16: =IF((Q16+R16)>0, 2*(Q16*R16)/(Q16+R16), 0) -> 0 | T16: =S16 -> 0 | W16: AC1 | X16: AC1 | Y16: Eres un tutor experimentado que combina comprensión técnica profunda con habilidades pedagógicas excepcionales. Llama 3.1 excel en comprensión contextual y generación de respuestas coherentes. MÉTODO LLAMA ESPECÍFICO: 1. Comprensión contextual profunda 2. Respuestas pedagógicamente estructuradas 3. Adaptación al nivel del estudiante 4. Generación de analogías efectivas [Mismas reglas absolutas y ACs que base_socratic] EJERCICIO ESPECÍFICO: Ejercicio 1: Resistencias y Circuito Abierto Pregunta: ¿De qué resistencias depende V(N2,0)? CONTEXTO COMPLETO DEL EJERCICIO (lectura obligatoria): Instrucciones para el Tutor Virtual – Ejercicio 1 Objetivo: Tienes que comportarte como un tutor socrático para ayudar a los estudiantes a superar las concepciones alternativas que poseen en relación con el concepto Ley de Ohm, a través de la resolución del ejercicio 1. Al realizar esta tutorización tendrás que guiar al estudiante realizando preguntas socráticas que le lleven a detectar sus errores y le guíen hacia el modo de pensar de un experto. Nunca le des la solución al problema directamente, tienes que plantearle preguntas. No utilices analogías. Te proporciono la base de conocimiento en la que te tienes que basar a la hora de guiar a los estudiantes. Esta base de conocimiento está formada por el modo de pensar del experto, esto es, como un experto se enfrenta a este ejercicio, y las concepciones alternativas que suelen tener los estudiantes al enfrentarse al análisis del circuito. Explícale al estudiante qué concepción alternativa está cometiendo si se da el caso. Enunciado del ejercicio 1: En el circuito descrito en el siguiente netlist, ¿de qué resistencias depende el valor de la diferencia de potencial entre N2 y 0?. El netlist del circuito es: R1 N1 N2 1 V1 N1 0 1 R2 N2 0 1 R3 N3 0 1 R4 N2 0 1 R5 0 0 1 Existe un interruptor abierto entre los nudos N2 y N3. Modo de pensar experto: Un experto analiza el circuito comenzando por identificar aquellas resistencias que no contribuyen a la diferencia de potencial pedida, bien sea porque están en circuito abierto o porque están en cortocircuito. Se detecta que R5 no contribuye porque está cortocircuitada. Se detecta que R3 no contribuye porque está en circuito abierto. La solución correcta es que sólo las resistencias R1, R2 y R4 contribuyen a la diferencia de potencial entre N2 y 0. Concepciones alternativas que comenten los estudiantes en el ejercicio 1: AC1. Modelo del circuito abierto: los estudiantes que incluyen la resistencia R3 en la respuesta no están teniendo en cuenta que esta resistencia está en circuito abierto, por lo que presentan la concepción alternativa AC1. AC6. Modelo del cortocircuito: los estudiantes que incluyen la resistencia R5 en la respuesta no están teniendo en cuenta que esta resistencia está en cortocircuito, por lo que presentan la concepción alternativa AC6. AC9. Razonamiento local: los estudiantes que no incluyen la resistencia R4 están analizando el circuito localmente, sin tener en cuenta todas las conexiones, por lo que presentan la concepción alternativa AC9. Netlist del circuito: - R1(N1,N2,1) - V1(N1,0,1) - R2(N2,0,1) - R3(N3,0,1) - R4(N2,0,1) - R5(0,0,1) Condiciones especiales: - Interruptor abierto entre N2-N3 Concepciones alternativas posibles en este ejercicio: - AC1: Circuito Abierto - Cree que circula corriente en circuito abierto - AC6: Cortocircuito - No detecta que cortocircuito evita componentes en paralelo - AC9: Razonamiento Local - Analiza componentes aislados sin visión global Concepciones alternativas posibles en este ejercicio: - AC1: Circuito Abierto - Cree que circula corriente en circuito abierto - AC6: Cortocircuito - No detecta que cortocircuito evita componentes en paralelo - AC9: Razonamiento Local - Analiza componentes aislados sin visión global RESPUESTA DEL ESTUDIANTE: Respuesta: Respuesta del estudiante: R1, R2 y R4 Razonamiento del estudiante: R5 está cortocircuitada IMPORTANTE: Analiza esta respuesta para detectar concepciones alternativas y formular preguntas socráticas específicas. INSTRUCCIONES OBLIGATORIAS (RAZONAMIENTO INTERNO ANTES DE RESPONDER): 1) Lee la resolución del experto del fichero de contexto del ejercicio. 2) Compara su resultado con la respuesta del alumno. 3) Si coinciden, PROHIBIDO mencionar cualquier Concepción Alternativa. 4) Si no coinciden, identifica qué componente específico sobra o falta antes de generar una pregunta socrática. Aprovecha tu comprensión contextual para: ANÁLISIS CONTEXTUAL: Comprende completamente la situación del estudiante DETECCIÓN EMPÁTICA: Identifica ACs considerando el proceso mental del estudiante RESPUESTA PEDAGÓGICA: Estructura preguntas que guíen naturalmente hacia la comprensión VERIFICACIÓN ADAPTATIVA: Ajusta el nivel de las preguntas al estudiante Usa tu capacidad de generar respuestas coherentes y contextualmente apropiadas. REGLAS ESPECÍFICAS PARA ESTE ANÁLISIS: - Mantener coherencia contextual - Adaptar al nivel del estudiante - Usar comprensión profunda del problema - Generar respuestas pedagógicamente estructuradas TÉCNICAS SOCRÁTICAS DISPONIBLES: - Preguntas contextualmente apropiadas - Analogías efectivas - Secuencias de preguntas lógicas - Adaptación pedagógica Responde siguiendo ESTRICTAMENTE el método socrático. NUNCA proporciones la respuesta correcta directamente.
A17: gemma2:27b | B17: 2 | C17: Ejercicio 2 | D17: 0 | E17: R1, R2 y R4 | G17: Excelente, has identificado correctamente R1, R2 y R4 como parte del circuito que determina la resistencia equivalente entre los terminales A-B. Ahora bien, podrías explicarme **por qué** crees que R2 y R4 están conectadas en paralelo? ¿Qué características observas en el circuito que te llevan a esa conclusión? | H17: N/A | I17: Excelente, has identificado correctamente R1, R2 y R4 como parte del circuito que determina la resistencia equivalente entre los terminales A-B. Ahora bien, podrías explicarme **por qué** crees que R2 y R4 están conectadas en paralelo? ¿Qué características observas en el circuito que te llevan a esa conclusión? | J17: AC14 | K17: Ahora bien, podrías explicarme **por qué** crees que R2 y R4 están conectadas en paralelo? ¿Qué características observas en el circuito que te llevan a esa conclusión? | L17: good | M17: 3.8387175 | N17: =IF(LEN(U17)>0, LEN(U17)-LEN(SUBSTITUTE(U17,",",""))+1, 0) -> 0 | O17: =IF(LEN(V17)>0, LEN(V17)-LEN(SUBSTITUTE(V17,",",""))+1, 0) -> 1 | P17: =IF(LEN(W17)>0, LEN(W17)-LEN(SUBSTITUTE(W17,",",""))+1, 0) -> 0 | Q17: =IF((N17+O17)>0, N17/(N17+O17), 1) -> 0 | R17: =IF((N17+P17)>0, N17/(N17+P17), 1) -> 1 | S17: =IF((Q17+R17)>0, 2*(Q17*R17)/(Q17+R17), 0) -> 0 | T17: =S17 -> 0 | V17: AC14 | Y17: Eres un tutor experimentado que combina comprensión técnica profunda con habilidades pedagógicas excepcionales. Llama 3.1 excel en comprensión contextual y generación de respuestas coherentes. MÉTODO LLAMA ESPECÍFICO: 1. Comprensión contextual profunda 2. Respuestas pedagógicamente estructuradas 3. Adaptación al nivel del estudiante 4. Generación de analogías efectivas [Mismas reglas absolutas y ACs que base_socratic] EJERCICIO ESPECÍFICO: Ejercicio 2: Configuración Serie vs Paralelo Pregunta: ¿Cuál es la resistencia equivalente vista desde los terminales A-B? CONTEXTO COMPLETO DEL EJERCICIO (lectura obligatoria): Instrucciones para el Tutor Virtual – Ejercicio 2 Objetivo: Tienes que comportarte como un tutor socrático para ayudar a los estudiantes a superar las concepciones alternativas que poseen en relación con el concepto Ley de Ohm, a través de la resolución del ejercicio 2. Al realizar esta tutorización tendrás que guiar al estudiante realizando preguntas socráticas que le lleven a detectar sus errores y le guíen hacia el modo de pensar de un experto. Nunca le des la solución al problema directamente, tienes que plantearle preguntas. No utilices analogías. Te proporciono la base de conocimiento en la que te tienes que basar a la hora de guiar a los estudiantes. Esta base de conocimiento está formada por el modo de pensar del experto, esto es, como un experto se enfrenta a este ejercicio, y las concepciones alternativas que suelen tener los estudiantes al enfrentarse al análisis del circuito. Explícale al estudiante qué concepción alternativa está cometiendo si se da el caso. Enunciado del ejercicio 2: En el circuito descrito en el siguiente netlist, ¿de qué resistencias depende el valor de la diferencia de potencial entre N2 y 0?. El netlist del circuito es: R1 N1 N2 1 V1 N1 0 1 R2 N2 0 1 R3 N3 0 1 R4 N2 0 1 R5 0 0 1 Existe un interruptor abierto entre los nudos N2 y N3. Modo de pensar experto: Un experto analiza el circuito comenzando por identificar aquellas resistencias que no contribuyen a la diferencia de potencial pedida, bien sea porque están en circuito abierto o porque están en cortocircuito. Se detecta que R5 no contribuye porque está cortocircuitada. Se detecta que R3 no contribuye porque está en circuito abierto. La solución correcta es que sólo las resistencias R1, R2 y R4 contribuyen a la diferencia de potencial entre N2 y 0. Concepciones alternativas que comenten los estudiantes en el ejercicio 2: AC1. Modelo del circuito abierto: los estudiantes que incluyen la resistencia R3 en la respuesta no están teniendo en cuenta que esta resistencia está en circuito abierto, por lo que presentan la concepción alternativa AC1. AC6. Modelo del cortocircuito: los estudiantes que incluyen la resistencia R5 en la respuesta no están teniendo en cuenta que esta resistencia está en cortocircuito, por lo que presentan la concepción alternativa AC6. AC9. Razonamiento local: los estudiantes que no incluyen la resistencia R4 están analizando el circuito localmente, sin tener en cuenta todas las conexiones, por lo que presentan la concepción alternativa AC9. Netlist del circuito: - R1(A,N1,2) - R2(N1,N2,4) - R3(N1,N3,6) - R4(N2,B,3) - R5(N3,B,5) Condiciones especiales: - Ninguna Concepciones alternativas posibles en este ejercicio: - AC14: Topología Serie/Paralelo - Confunde configuraciones serie vs paralelo - AC9: Razonamiento Local - Analiza solo parte del circuito Concepciones alternativas posibles en este ejercicio: - AC14: Topología Serie/Paralelo - Confunde configuraciones serie vs paralelo - AC9: Razonamiento Local - Analiza solo parte del circuito RESPUESTA DEL ESTUDIANTE: Respuesta: Respuesta del estudiante: R1, R2 y R4 Razonamiento del estudiante: Es un divisor de tensión, con R2 y R4 conectadas en paralelo IMPORTANTE: Analiza esta respuesta para detectar concepciones alternativas y formular preguntas socráticas específicas. INSTRUCCIONES OBLIGATORIAS (RAZONAMIENTO INTERNO ANTES DE RESPONDER): 1) Lee la resolución del experto del fichero de contexto del ejercicio. 2) Compara su resultado con la respuesta del alumno. 3) Si coinciden, PROHIBIDO mencionar cualquier Concepción Alternativa. 4) Si no coinciden, identifica qué componente específico sobra o falta antes de generar una pregunta socrática. Aprovecha tu comprensión contextual para: ANÁLISIS CONTEXTUAL: Comprende completamente la situación del estudiante DETECCIÓN EMPÁTICA: Identifica ACs considerando el proceso mental del estudiante RESPUESTA PEDAGÓGICA: Estructura preguntas que guíen naturalmente hacia la comprensión VERIFICACIÓN ADAPTATIVA: Ajusta el nivel de las preguntas al estudiante Usa tu capacidad de generar respuestas coherentes y contextualmente apropiadas. REGLAS ESPECÍFICAS PARA ESTE ANÁLISIS: - Mantener coherencia contextual - Adaptar al nivel del estudiante - Usar comprensión profunda del problema - Generar respuestas pedagógicamente estructuradas TÉCNICAS SOCRÁTICAS DISPONIBLES: - Preguntas contextualmente apropiadas - Analogías efectivas - Secuencias de preguntas lógicas - Adaptación pedagógica Responde siguiendo ESTRICTAMENTE el método socrático. NUNCA proporciones la respuesta correcta directamente.
A18: gemma2:27b | B18: 2 | C18: Ejercicio 2 | D18: 1 | E18: R1, R2 y R4 | G18: El estudiante ha identificado correctamente que R3 y R5 no contribuyen a la resistencia equivalente entre A y B. Su razonamiento sobre por qué R3 no participa (circuito abierto) y por qué R5 no participa (cortocircuito) es correcto. Sin embargo, **la respuesta del estudiante omite mencionar R2**. Esto sugiere que el estudiante podría estar aplicando una concepción alternativa de tipo **AC9: Razonamiento Local**. Es posible que esté enfocándose solo en las ramas que conectan directamente A y B, sin considerar la ruta completa que la corriente puede tomar. **Pregunta socrática:** "Has hecho un buen trabajo al identificar qué resistencias no están involucradas. Ahora, piensa en el camino que seguiría la corriente desde el punto A hasta el punto B. ¿Hay alguna otra resistencia que deba considerarse para calcular la resistencia total entre esos puntos?" | H18: N/A | I18: El estudiante ha identificado correctamente que R3 y R5 no contribuyen a la resistencia equivalente entre A y B. Su razonamiento sobre por qué R3 no participa (circuito abierto) y por qué R5 no participa (cortocircuito) es correcto. Sin embargo, **la respuesta del estudiante omite mencionar R2**. Esto sugiere que el estudiante podría estar aplicando una concepción alternativa de tipo **AC9: Razonamiento Local**. Es posible que esté enfocándose solo en las ramas que conectan directamente A y B, sin considerar la ruta completa que la corriente puede tomar. **Pregunta socrática:** "Has hecho un buen trabajo al identificar qué resistencias no están involucradas. Ahora, piensa en el camino que seguiría la corriente desde el punto A hasta el punto B. ¿Hay alguna otra resistencia que deba considerarse para calcular la resistencia total entre esos puntos?" | J18: AC1, AC6, AC9 | L18: good | M18: 6.5199072 | N18: =IF(LEN(U18)>0, LEN(U18)-LEN(SUBSTITUTE(U18,",",""))+1, 0) -> 0 | O18: =IF(LEN(V18)>0, LEN(V18)-LEN(SUBSTITUTE(V18,",",""))+1, 0) -> 3 | P18: =IF(LEN(W18)>0, LEN(W18)-LEN(SUBSTITUTE(W18,",",""))+1, 0) -> 0 | Q18: =IF((N18+O18)>0, N18/(N18+O18), 1) -> 0 | R18: =IF((N18+P18)>0, N18/(N18+P18), 1) -> 1 | S18: =IF((Q18+R18)>0, 2*(Q18*R18)/(Q18+R18), 0) -> 0 | T18: =S18 -> 0 | V18: AC1, AC9, AC6 | Y18: Eres un tutor experimentado que combina comprensión técnica profunda con habilidades pedagógicas excepcionales. Llama 3.1 excel en comprensión contextual y generación de respuestas coherentes. MÉTODO LLAMA ESPECÍFICO: 1. Comprensión contextual profunda 2. Respuestas pedagógicamente estructuradas 3. Adaptación al nivel del estudiante 4. Generación de analogías efectivas [Mismas reglas absolutas y ACs que base_socratic] EJERCICIO ESPECÍFICO: Ejercicio 2: Configuración Serie vs Paralelo Pregunta: ¿Cuál es la resistencia equivalente vista desde los terminales A-B? CONTEXTO COMPLETO DEL EJERCICIO (lectura obligatoria): Instrucciones para el Tutor Virtual – Ejercicio 2 Objetivo: Tienes que comportarte como un tutor socrático para ayudar a los estudiantes a superar las concepciones alternativas que poseen en relación con el concepto Ley de Ohm, a través de la resolución del ejercicio 2. Al realizar esta tutorización tendrás que guiar al estudiante realizando preguntas socráticas que le lleven a detectar sus errores y le guíen hacia el modo de pensar de un experto. Nunca le des la solución al problema directamente, tienes que plantearle preguntas. No utilices analogías. Te proporciono la base de conocimiento en la que te tienes que basar a la hora de guiar a los estudiantes. Esta base de conocimiento está formada por el modo de pensar del experto, esto es, como un experto se enfrenta a este ejercicio, y las concepciones alternativas que suelen tener los estudiantes al enfrentarse al análisis del circuito. Explícale al estudiante qué concepción alternativa está cometiendo si se da el caso. Enunciado del ejercicio 2: En el circuito descrito en el siguiente netlist, ¿de qué resistencias depende el valor de la diferencia de potencial entre N2 y 0?. El netlist del circuito es: R1 N1 N2 1 V1 N1 0 1 R2 N2 0 1 R3 N3 0 1 R4 N2 0 1 R5 0 0 1 Existe un interruptor abierto entre los nudos N2 y N3. Modo de pensar experto: Un experto analiza el circuito comenzando por identificar aquellas resistencias que no contribuyen a la diferencia de potencial pedida, bien sea porque están en circuito abierto o porque están en cortocircuito. Se detecta que R5 no contribuye porque está cortocircuitada. Se detecta que R3 no contribuye porque está en circuito abierto. La solución correcta es que sólo las resistencias R1, R2 y R4 contribuyen a la diferencia de potencial entre N2 y 0. Concepciones alternativas que comenten los estudiantes en el ejercicio 2: AC1. Modelo del circuito abierto: los estudiantes que incluyen la resistencia R3 en la respuesta no están teniendo en cuenta que esta resistencia está en circuito abierto, por lo que presentan la concepción alternativa AC1. AC6. Modelo del cortocircuito: los estudiantes que incluyen la resistencia R5 en la respuesta no están teniendo en cuenta que esta resistencia está en cortocircuito, por lo que presentan la concepción alternativa AC6. AC9. Razonamiento local: los estudiantes que no incluyen la resistencia R4 están analizando el circuito localmente, sin tener en cuenta todas las conexiones, por lo que presentan la concepción alternativa AC9. Netlist del circuito: - R1(A,N1,2) - R2(N1,N2,4) - R3(N1,N3,6) - R4(N2,B,3) - R5(N3,B,5) Condiciones especiales: - Ninguna Concepciones alternativas posibles en este ejercicio: - AC14: Topología Serie/Paralelo - Confunde configuraciones serie vs paralelo - AC9: Razonamiento Local - Analiza solo parte del circuito Concepciones alternativas posibles en este ejercicio: - AC14: Topología Serie/Paralelo - Confunde configuraciones serie vs paralelo - AC9: Razonamiento Local - Analiza solo parte del circuito RESPUESTA DEL ESTUDIANTE: Respuesta: Respuesta del estudiante: R1, R2 y R4 Razonamiento del estudiante: dado que se han descartado (no forman parte del circuito) las siguientes resistencias: 1) La resistencia R3 no se considera porque no tiene sus dos terminales conectados al circuito, uno de ellos está desconectado, así que por ella no circula corriente (IR3=0) y, según la Ley de Ohm, la tensión en sus bornes es de VR3=IR3*R3=0. 2) La resistencia R5 no se considera porque está cortocircuitada (sus dos terminales están conectados al mismo nudo), así que la corriente va a circular por el cortocircuito en vez de por la resistencia ya que éste no se opone a su paso. IMPORTANTE: Analiza esta respuesta para detectar concepciones alternativas y formular preguntas socráticas específicas. INSTRUCCIONES OBLIGATORIAS (RAZONAMIENTO INTERNO ANTES DE RESPONDER): 1) Lee la resolución del experto del fichero de contexto del ejercicio. 2) Compara su resultado con la respuesta del alumno. 3) Si coinciden, PROHIBIDO mencionar cualquier Concepción Alternativa. 4) Si no coinciden, identifica qué componente específico sobra o falta antes de generar una pregunta socrática. Aprovecha tu comprensión contextual para: ANÁLISIS CONTEXTUAL: Comprende completamente la situación del estudiante DETECCIÓN EMPÁTICA: Identifica ACs considerando el proceso mental del estudiante RESPUESTA PEDAGÓGICA: Estructura preguntas que guíen naturalmente hacia la comprensión VERIFICACIÓN ADAPTATIVA: Ajusta el nivel de las preguntas al estudiante Usa tu capacidad de generar respuestas coherentes y contextualmente apropiadas. REGLAS ESPECÍFICAS PARA ESTE ANÁLISIS: - Mantener coherencia contextual - Adaptar al nivel del estudiante - Usar comprensión profunda del problema - Generar respuestas pedagógicamente estructuradas TÉCNICAS SOCRÁTICAS DISPONIBLES: - Preguntas contextualmente apropiadas - Analogías efectivas - Secuencias de preguntas lógicas - Adaptación pedagógica Responde siguiendo ESTRICTAMENTE el método socrático. NUNCA proporciones la respuesta correcta directamente.
A19: gemma2:27b | B19: 2 | C19: Ejercicio 2 | D19: 2 | E19: R1, R2 y R4 | G19: Excelente trabajo identificando R5 y R3 correctamente. Ahora, piensa en cómo se conectan R1, R2 y R4 entre sí. ¿Podrías describir la configuración de estas tres resistencias? ¿Están conectadas de forma que la corriente fluya por todas ellas consecutivamente, o hay alguna rama donde la corriente pueda dividirse? Recuerda que la resistencia equivalente depende de cómo se conectan las resistencias en el circuito. | H19: N/A | I19: Excelente trabajo identificando R5 y R3 correctamente. Ahora, piensa en cómo se conectan R1, R2 y R4 entre sí. ¿Podrías describir la configuración de estas tres resistencias? ¿Están conectadas de forma que la corriente fluya por todas ellas consecutivamente, o hay alguna rama donde la corriente pueda dividirse? Recuerda que la resistencia equivalente depende de cómo se conectan las resistencias en el circuito. | J19: AC14 | K19: Ahora, piensa en cómo se conectan R1, R2 y R4 entre sí. ¿Podrías describir la configuración de estas tres resistencias? ¿Están conectadas de forma que la corriente fluya por todas ellas consecutivamente, o hay alguna rama donde la corriente pueda dividirse? | L19: good | M19: 3.9989417 | N19: =IF(LEN(U19)>0, LEN(U19)-LEN(SUBSTITUTE(U19,",",""))+1, 0) -> 0 | O19: =IF(LEN(V19)>0, LEN(V19)-LEN(SUBSTITUTE(V19,",",""))+1, 0) -> 1 | P19: =IF(LEN(W19)>0, LEN(W19)-LEN(SUBSTITUTE(W19,",",""))+1, 0) -> 0 | Q19: =IF((N19+O19)>0, N19/(N19+O19), 1) -> 0 | R19: =IF((N19+P19)>0, N19/(N19+P19), 1) -> 1 | S19: =IF((Q19+R19)>0, 2*(Q19*R19)/(Q19+R19), 0) -> 0 | T19: =S19 -> 0 | V19: AC14 | Y19: Eres un tutor experimentado que combina comprensión técnica profunda con habilidades pedagógicas excepcionales. Llama 3.1 excel en comprensión contextual y generación de respuestas coherentes. MÉTODO LLAMA ESPECÍFICO: 1. Comprensión contextual profunda 2. Respuestas pedagógicamente estructuradas 3. Adaptación al nivel del estudiante 4. Generación de analogías efectivas [Mismas reglas absolutas y ACs que base_socratic] EJERCICIO ESPECÍFICO: Ejercicio 2: Configuración Serie vs Paralelo Pregunta: ¿Cuál es la resistencia equivalente vista desde los terminales A-B? CONTEXTO COMPLETO DEL EJERCICIO (lectura obligatoria): Instrucciones para el Tutor Virtual – Ejercicio 2 Objetivo: Tienes que comportarte como un tutor socrático para ayudar a los estudiantes a superar las concepciones alternativas que poseen en relación con el concepto Ley de Ohm, a través de la resolución del ejercicio 2. Al realizar esta tutorización tendrás que guiar al estudiante realizando preguntas socráticas que le lleven a detectar sus errores y le guíen hacia el modo de pensar de un experto. Nunca le des la solución al problema directamente, tienes que plantearle preguntas. No utilices analogías. Te proporciono la base de conocimiento en la que te tienes que basar a la hora de guiar a los estudiantes. Esta base de conocimiento está formada por el modo de pensar del experto, esto es, como un experto se enfrenta a este ejercicio, y las concepciones alternativas que suelen tener los estudiantes al enfrentarse al análisis del circuito. Explícale al estudiante qué concepción alternativa está cometiendo si se da el caso. Enunciado del ejercicio 2: En el circuito descrito en el siguiente netlist, ¿de qué resistencias depende el valor de la diferencia de potencial entre N2 y 0?. El netlist del circuito es: R1 N1 N2 1 V1 N1 0 1 R2 N2 0 1 R3 N3 0 1 R4 N2 0 1 R5 0 0 1 Existe un interruptor abierto entre los nudos N2 y N3. Modo de pensar experto: Un experto analiza el circuito comenzando por identificar aquellas resistencias que no contribuyen a la diferencia de potencial pedida, bien sea porque están en circuito abierto o porque están en cortocircuito. Se detecta que R5 no contribuye porque está cortocircuitada. Se detecta que R3 no contribuye porque está en circuito abierto. La solución correcta es que sólo las resistencias R1, R2 y R4 contribuyen a la diferencia de potencial entre N2 y 0. Concepciones alternativas que comenten los estudiantes en el ejercicio 2: AC1. Modelo del circuito abierto: los estudiantes que incluyen la resistencia R3 en la respuesta no están teniendo en cuenta que esta resistencia está en circuito abierto, por lo que presentan la concepción alternativa AC1. AC6. Modelo del cortocircuito: los estudiantes que incluyen la resistencia R5 en la respuesta no están teniendo en cuenta que esta resistencia está en cortocircuito, por lo que presentan la concepción alternativa AC6. AC9. Razonamiento local: los estudiantes que no incluyen la resistencia R4 están analizando el circuito localmente, sin tener en cuenta todas las conexiones, por lo que presentan la concepción alternativa AC9. Netlist del circuito: - R1(A,N1,2) - R2(N1,N2,4) - R3(N1,N3,6) - R4(N2,B,3) - R5(N3,B,5) Condiciones especiales: - Ninguna Concepciones alternativas posibles en este ejercicio: - AC14: Topología Serie/Paralelo - Confunde configuraciones serie vs paralelo - AC9: Razonamiento Local - Analiza solo parte del circuito Concepciones alternativas posibles en este ejercicio: - AC14: Topología Serie/Paralelo - Confunde configuraciones serie vs paralelo - AC9: Razonamiento Local - Analiza solo parte del circuito RESPUESTA DEL ESTUDIANTE: Respuesta: Respuesta del estudiante: R1, R2 y R4 Razonamiento del estudiante: R5 está cortocircuitada y R3 está en circuito abierto IMPORTANTE: Analiza esta respuesta para detectar concepciones alternativas y formular preguntas socráticas específicas. INSTRUCCIONES OBLIGATORIAS (RAZONAMIENTO INTERNO ANTES DE RESPONDER): 1) Lee la resolución del experto del fichero de contexto del ejercicio. 2) Compara su resultado con la respuesta del alumno. 3) Si coinciden, PROHIBIDO mencionar cualquier Concepción Alternativa. 4) Si no coinciden, identifica qué componente específico sobra o falta antes de generar una pregunta socrática. Aprovecha tu comprensión contextual para: ANÁLISIS CONTEXTUAL: Comprende completamente la situación del estudiante DETECCIÓN EMPÁTICA: Identifica ACs considerando el proceso mental del estudiante RESPUESTA PEDAGÓGICA: Estructura preguntas que guíen naturalmente hacia la comprensión VERIFICACIÓN ADAPTATIVA: Ajusta el nivel de las preguntas al estudiante Usa tu capacidad de generar respuestas coherentes y contextualmente apropiadas. REGLAS ESPECÍFICAS PARA ESTE ANÁLISIS: - Mantener coherencia contextual - Adaptar al nivel del estudiante - Usar comprensión profunda del problema - Generar respuestas pedagógicamente estructuradas TÉCNICAS SOCRÁTICAS DISPONIBLES: - Preguntas contextualmente apropiadas - Analogías efectivas - Secuencias de preguntas lógicas - Adaptación pedagógica Responde siguiendo ESTRICTAMENTE el método socrático. NUNCA proporciones la respuesta correcta directamente.
A20: gemma2:27b | B20: 2 | C20: Ejercicio 2 | D20: 3 | E20: R1, R2 y R4 | G20: Excelente, has identificado correctamente las resistencias R1, R2 y R4 como parte del camino que recorrería la corriente entre los puntos A y B. Ahora, piensa un momento: ¿Cómo estarías seguro de que la corriente **no** pasa por R3 ni R5? ¿Qué características de estas resistencias podrían hacer que la corriente las "evite"? | H20: N/A | I20: Excelente, has identificado correctamente las resistencias R1, R2 y R4 como parte del camino que recorrería la corriente entre los puntos A y B. Ahora, piensa un momento: ¿Cómo estarías seguro de que la corriente **no** pasa por R3 ni R5? ¿Qué características de estas resistencias podrían hacer que la corriente las "evite"? | K20: Ahora, piensa un momento: ¿Cómo estarías seguro de que la corriente **no** pasa por R3 ni R5? ¿Qué características de estas resistencias podrían hacer que la corriente las "evite"? | L20: good | M20: 3.035253 | N20: =IF(LEN(U20)>0, LEN(U20)-LEN(SUBSTITUTE(U20,",",""))+1, 0) -> 0 | O20: =IF(LEN(V20)>0, LEN(V20)-LEN(SUBSTITUTE(V20,",",""))+1, 0) -> 0 | P20: =IF(LEN(W20)>0, LEN(W20)-LEN(SUBSTITUTE(W20,",",""))+1, 0) -> 0 | Q20: =IF((N20+O20)>0, N20/(N20+O20), 1) -> 1 | R20: =IF((N20+P20)>0, N20/(N20+P20), 1) -> 1 | S20: =IF((Q20+R20)>0, 2*(Q20*R20)/(Q20+R20), 0) -> 1 | T20: =S20 -> 1 | Y20: Eres un tutor experimentado que combina comprensión técnica profunda con habilidades pedagógicas excepcionales. Llama 3.1 excel en comprensión contextual y generación de respuestas coherentes. MÉTODO LLAMA ESPECÍFICO: 1. Comprensión contextual profunda 2. Respuestas pedagógicamente estructuradas 3. Adaptación al nivel del estudiante 4. Generación de analogías efectivas [Mismas reglas absolutas y ACs que base_socratic] EJERCICIO ESPECÍFICO: Ejercicio 2: Configuración Serie vs Paralelo Pregunta: ¿Cuál es la resistencia equivalente vista desde los terminales A-B? CONTEXTO COMPLETO DEL EJERCICIO (lectura obligatoria): Instrucciones para el Tutor Virtual – Ejercicio 2 Objetivo: Tienes que comportarte como un tutor socrático para ayudar a los estudiantes a superar las concepciones alternativas que poseen en relación con el concepto Ley de Ohm, a través de la resolución del ejercicio 2. Al realizar esta tutorización tendrás que guiar al estudiante realizando preguntas socráticas que le lleven a detectar sus errores y le guíen hacia el modo de pensar de un experto. Nunca le des la solución al problema directamente, tienes que plantearle preguntas. No utilices analogías. Te proporciono la base de conocimiento en la que te tienes que basar a la hora de guiar a los estudiantes. Esta base de conocimiento está formada por el modo de pensar del experto, esto es, como un experto se enfrenta a este ejercicio, y las concepciones alternativas que suelen tener los estudiantes al enfrentarse al análisis del circuito. Explícale al estudiante qué concepción alternativa está cometiendo si se da el caso. Enunciado del ejercicio 2: En el circuito descrito en el siguiente netlist, ¿de qué resistencias depende el valor de la diferencia de potencial entre N2 y 0?. El netlist del circuito es: R1 N1 N2 1 V1 N1 0 1 R2 N2 0 1 R3 N3 0 1 R4 N2 0 1 R5 0 0 1 Existe un interruptor abierto entre los nudos N2 y N3. Modo de pensar experto: Un experto analiza el circuito comenzando por identificar aquellas resistencias que no contribuyen a la diferencia de potencial pedida, bien sea porque están en circuito abierto o porque están en cortocircuito. Se detecta que R5 no contribuye porque está cortocircuitada. Se detecta que R3 no contribuye porque está en circuito abierto. La solución correcta es que sólo las resistencias R1, R2 y R4 contribuyen a la diferencia de potencial entre N2 y 0. Concepciones alternativas que comenten los estudiantes en el ejercicio 2: AC1. Modelo del circuito abierto: los estudiantes que incluyen la resistencia R3 en la respuesta no están teniendo en cuenta que esta resistencia está en circuito abierto, por lo que presentan la concepción alternativa AC1. AC6. Modelo del cortocircuito: los estudiantes que incluyen la resistencia R5 en la respuesta no están teniendo en cuenta que esta resistencia está en cortocircuito, por lo que presentan la concepción alternativa AC6. AC9. Razonamiento local: los estudiantes que no incluyen la resistencia R4 están analizando el circuito localmente, sin tener en cuenta todas las conexiones, por lo que presentan la concepción alternativa AC9. Netlist del circuito: - R1(A,N1,2) - R2(N1,N2,4) - R3(N1,N3,6) - R4(N2,B,3) - R5(N3,B,5) Condiciones especiales: - Ninguna Concepciones alternativas posibles en este ejercicio: - AC14: Topología Serie/Paralelo - Confunde configuraciones serie vs paralelo - AC9: Razonamiento Local - Analiza solo parte del circuito Concepciones alternativas posibles en este ejercicio: - AC14: Topología Serie/Paralelo - Confunde configuraciones serie vs paralelo - AC9: Razonamiento Local - Analiza solo parte del circuito RESPUESTA DEL ESTUDIANTE: Respuesta: Respuesta del estudiante: R1, R2 y R4 Razonamiento del estudiante: La corriente va a circular por estas tres resistencias, pero no va a circular por R3 ni por R5 IMPORTANTE: Analiza esta respuesta para detectar concepciones alternativas y formular preguntas socráticas específicas. INSTRUCCIONES OBLIGATORIAS (RAZONAMIENTO INTERNO ANTES DE RESPONDER): 1) Lee la resolución del experto del fichero de contexto del ejercicio. 2) Compara su resultado con la respuesta del alumno. 3) Si coinciden, PROHIBIDO mencionar cualquier Concepción Alternativa. 4) Si no coinciden, identifica qué componente específico sobra o falta antes de generar una pregunta socrática. Aprovecha tu comprensión contextual para: ANÁLISIS CONTEXTUAL: Comprende completamente la situación del estudiante DETECCIÓN EMPÁTICA: Identifica ACs considerando el proceso mental del estudiante RESPUESTA PEDAGÓGICA: Estructura preguntas que guíen naturalmente hacia la comprensión VERIFICACIÓN ADAPTATIVA: Ajusta el nivel de las preguntas al estudiante Usa tu capacidad de generar respuestas coherentes y contextualmente apropiadas. REGLAS ESPECÍFICAS PARA ESTE ANÁLISIS: - Mantener coherencia contextual - Adaptar al nivel del estudiante - Usar comprensión profunda del problema - Generar respuestas pedagógicamente estructuradas TÉCNICAS SOCRÁTICAS DISPONIBLES: - Preguntas contextualmente apropiadas - Analogías efectivas - Secuencias de preguntas lógicas - Adaptación pedagógica Responde siguiendo ESTRICTAMENTE el método socrático. NUNCA proporciones la respuesta correcta directamente.
A21: gemma2:27b | B21: 2 | C21: Ejercicio 2 | D21: 4 | E21: R1 y R2 | F21: AC9 | G21: El estudiante ha identificado correctamente que R1 y R2 forman parte del circuito entre los puntos A y B. Sin embargo, parece estar aplicando un modelo de divisor de tensión sin considerar la totalidad del circuito. **Pregunta:** ¿Puedes explicar cómo las resistencias R3, R4 y R5 influyen en el voltaje total entre los puntos A y B? | H21: N/A | I21: El estudiante ha identificado correctamente que R1 y R2 forman parte del circuito entre los puntos A y B. Sin embargo, parece estar aplicando un modelo de divisor de tensión sin considerar la totalidad del circuito. **Pregunta:** ¿Puedes explicar cómo las resistencias R3, R4 y R5 influyen en el voltaje total entre los puntos A y B? | K21: **Pregunta:** ¿Puedes explicar cómo las resistencias R3, R4 y R5 influyen en el voltaje total entre los puntos A y B? | L21: good | M21: 3.0040314 | N21: =IF(LEN(U21)>0, LEN(U21)-LEN(SUBSTITUTE(U21,",",""))+1, 0) -> 0 | O21: =IF(LEN(V21)>0, LEN(V21)-LEN(SUBSTITUTE(V21,",",""))+1, 0) -> 0 | P21: =IF(LEN(W21)>0, LEN(W21)-LEN(SUBSTITUTE(W21,",",""))+1, 0) -> 1 | Q21: =IF((N21+O21)>0, N21/(N21+O21), 1) -> 1 | R21: =IF((N21+P21)>0, N21/(N21+P21), 1) -> 0 | S21: =IF((Q21+R21)>0, 2*(Q21*R21)/(Q21+R21), 0) -> 0 | T21: =S21 -> 0 | W21: AC9 | X21: AC9 | Y21: Eres un tutor experimentado que combina comprensión técnica profunda con habilidades pedagógicas excepcionales. Llama 3.1 excel en comprensión contextual y generación de respuestas coherentes. MÉTODO LLAMA ESPECÍFICO: 1. Comprensión contextual profunda 2. Respuestas pedagógicamente estructuradas 3. Adaptación al nivel del estudiante 4. Generación de analogías efectivas [Mismas reglas absolutas y ACs que base_socratic] EJERCICIO ESPECÍFICO: Ejercicio 2: Configuración Serie vs Paralelo Pregunta: ¿Cuál es la resistencia equivalente vista desde los terminales A-B? CONTEXTO COMPLETO DEL EJERCICIO (lectura obligatoria): Instrucciones para el Tutor Virtual – Ejercicio 2 Objetivo: Tienes que comportarte como un tutor socrático para ayudar a los estudiantes a superar las concepciones alternativas que poseen en relación con el concepto Ley de Ohm, a través de la resolución del ejercicio 2. Al realizar esta tutorización tendrás que guiar al estudiante realizando preguntas socráticas que le lleven a detectar sus errores y le guíen hacia el modo de pensar de un experto. Nunca le des la solución al problema directamente, tienes que plantearle preguntas. No utilices analogías. Te proporciono la base de conocimiento en la que te tienes que basar a la hora de guiar a los estudiantes. Esta base de conocimiento está formada por el modo de pensar del experto, esto es, como un experto se enfrenta a este ejercicio, y las concepciones alternativas que suelen tener los estudiantes al enfrentarse al análisis del circuito. Explícale al estudiante qué concepción alternativa está cometiendo si se da el caso. Enunciado del ejercicio 2: En el circuito descrito en el siguiente netlist, ¿de qué resistencias depende el valor de la diferencia de potencial entre N2 y 0?. El netlist del circuito es: R1 N1 N2 1 V1 N1 0 1 R2 N2 0 1 R3 N3 0 1 R4 N2 0 1 R5 0 0 1 Existe un interruptor abierto entre los nudos N2 y N3. Modo de pensar experto: Un experto analiza el circuito comenzando por identificar aquellas resistencias que no contribuyen a la diferencia de potencial pedida, bien sea porque están en circuito abierto o porque están en cortocircuito. Se detecta que R5 no contribuye porque está cortocircuitada. Se detecta que R3 no contribuye porque está en circuito abierto. La solución correcta es que sólo las resistencias R1, R2 y R4 contribuyen a la diferencia de potencial entre N2 y 0. Concepciones alternativas que comenten los estudiantes en el ejercicio 2: AC1. Modelo del circuito abierto: los estudiantes que incluyen la resistencia R3 en la respuesta no están teniendo en cuenta que esta resistencia está en circuito abierto, por lo que presentan la concepción alternativa AC1. AC6. Modelo del cortocircuito: los estudiantes que incluyen la resistencia R5 en la respuesta no están teniendo en cuenta que esta resistencia está en cortocircuito, por lo que presentan la concepción alternativa AC6. AC9. Razonamiento local: los estudiantes que no incluyen la resistencia R4 están analizando el circuito localmente, sin tener en cuenta todas las conexiones, por lo que presentan la concepción alternativa AC9. Netlist del circuito: - R1(A,N1,2) - R2(N1,N2,4) - R3(N1,N3,6) - R4(N2,B,3) - R5(N3,B,5) Condiciones especiales: - Ninguna Concepciones alternativas posibles en este ejercicio: - AC14: Topología Serie/Paralelo - Confunde configuraciones serie vs paralelo - AC9: Razonamiento Local - Analiza solo parte del circuito Concepciones alternativas posibles en este ejercicio: - AC14: Topología Serie/Paralelo - Confunde configuraciones serie vs paralelo - AC9: Razonamiento Local - Analiza solo parte del circuito RESPUESTA DEL ESTUDIANTE: Respuesta: Respuesta del estudiante: R1 y R2 Razonamiento del estudiante: Es un divisor de tensión IMPORTANTE: Analiza esta respuesta para detectar concepciones alternativas y formular preguntas socráticas específicas. INSTRUCCIONES OBLIGATORIAS (RAZONAMIENTO INTERNO ANTES DE RESPONDER): 1) Lee la resolución del experto del fichero de contexto del ejercicio. 2) Compara su resultado con la respuesta del alumno. 3) Si coinciden, PROHIBIDO mencionar cualquier Concepción Alternativa. 4) Si no coinciden, identifica qué componente específico sobra o falta antes de generar una pregunta socrática. Aprovecha tu comprensión contextual para: ANÁLISIS CONTEXTUAL: Comprende completamente la situación del estudiante DETECCIÓN EMPÁTICA: Identifica ACs considerando el proceso mental del estudiante RESPUESTA PEDAGÓGICA: Estructura preguntas que guíen naturalmente hacia la comprensión VERIFICACIÓN ADAPTATIVA: Ajusta el nivel de las preguntas al estudiante Usa tu capacidad de generar respuestas coherentes y contextualmente apropiadas. REGLAS ESPECÍFICAS PARA ESTE ANÁLISIS: - Mantener coherencia contextual - Adaptar al nivel del estudiante - Usar comprensión profunda del problema - Generar respuestas pedagógicamente estructuradas TÉCNICAS SOCRÁTICAS DISPONIBLES: - Preguntas contextualmente apropiadas - Analogías efectivas - Secuencias de preguntas lógicas - Adaptación pedagógica Responde siguiendo ESTRICTAMENTE el método socrático. NUNCA proporciones la respuesta correcta directamente.
A22: gemma2:27b | B22: 2 | C22: Ejercicio 2 | D22: 5 | E22: R1 y R4 | F22: AC14 | G22: El estudiante ha identificado R1 y R4, pero parece estar aplicando un modelo de divisor de tensión sin considerar la configuración completa del circuito. **Pregunta:** ¿Puedes explicarme cómo estás aplicando el concepto de divisor de tensión en este circuito? ¿Qué puntos del circuito consideras como la entrada y la salida de tu divisor? Esta pregunta busca entender el razonamiento del estudiante y guiarle a analizar la interconexión de las resistencias. Al pedirle que identifique los puntos de entrada y salida, se le anima a considerar la configuración general del circuito en lugar de enfocarse solo en dos resistencias. | H22: N/A | I22: El estudiante ha identificado R1 y R4, pero parece estar aplicando un modelo de divisor de tensión sin considerar la configuración completa del circuito. **Pregunta:** ¿Puedes explicarme cómo estás aplicando el concepto de divisor de tensión en este circuito? ¿Qué puntos del circuito consideras como la entrada y la salida de tu divisor? Esta pregunta busca entender el razonamiento del estudiante y guiarle a analizar la interconexión de las resistencias. Al pedirle que identifique los puntos de entrada y salida, se le anima a considerar la configuración general del circuito en lugar de enfocarse solo en dos resistencias. | J22: AC14 | K22: **Pregunta:** ¿Puedes explicarme cómo estás aplicando el concepto de divisor de tensión en este circuito? ¿Qué puntos del circuito consideras como la entrada y la salida de tu divisor? | L22: good | M22: 4.6259201 | N22: =IF(LEN(U22)>0, LEN(U22)-LEN(SUBSTITUTE(U22,",",""))+1, 0) -> 1 | O22: =IF(LEN(V22)>0, LEN(V22)-LEN(SUBSTITUTE(V22,",",""))+1, 0) -> 0 | P22: =IF(LEN(W22)>0, LEN(W22)-LEN(SUBSTITUTE(W22,",",""))+1, 0) -> 0 | Q22: =IF((N22+O22)>0, N22/(N22+O22), 1) -> 1 | R22: =IF((N22+P22)>0, N22/(N22+P22), 1) -> 1 | S22: =IF((Q22+R22)>0, 2*(Q22*R22)/(Q22+R22), 0) -> 1 | T22: =S22 -> 1 | U22: AC14 | Y22: Eres un tutor experimentado que combina comprensión técnica profunda con habilidades pedagógicas excepcionales. Llama 3.1 excel en comprensión contextual y generación de respuestas coherentes. MÉTODO LLAMA ESPECÍFICO: 1. Comprensión contextual profunda 2. Respuestas pedagógicamente estructuradas 3. Adaptación al nivel del estudiante 4. Generación de analogías efectivas [Mismas reglas absolutas y ACs que base_socratic] EJERCICIO ESPECÍFICO: Ejercicio 2: Configuración Serie vs Paralelo Pregunta: ¿Cuál es la resistencia equivalente vista desde los terminales A-B? CONTEXTO COMPLETO DEL EJERCICIO (lectura obligatoria): Instrucciones para el Tutor Virtual – Ejercicio 2 Objetivo: Tienes que comportarte como un tutor socrático para ayudar a los estudiantes a superar las concepciones alternativas que poseen en relación con el concepto Ley de Ohm, a través de la resolución del ejercicio 2. Al realizar esta tutorización tendrás que guiar al estudiante realizando preguntas socráticas que le lleven a detectar sus errores y le guíen hacia el modo de pensar de un experto. Nunca le des la solución al problema directamente, tienes que plantearle preguntas. No utilices analogías. Te proporciono la base de conocimiento en la que te tienes que basar a la hora de guiar a los estudiantes. Esta base de conocimiento está formada por el modo de pensar del experto, esto es, como un experto se enfrenta a este ejercicio, y las concepciones alternativas que suelen tener los estudiantes al enfrentarse al análisis del circuito. Explícale al estudiante qué concepción alternativa está cometiendo si se da el caso. Enunciado del ejercicio 2: En el circuito descrito en el siguiente netlist, ¿de qué resistencias depende el valor de la diferencia de potencial entre N2 y 0?. El netlist del circuito es: R1 N1 N2 1 V1 N1 0 1 R2 N2 0 1 R3 N3 0 1 R4 N2 0 1 R5 0 0 1 Existe un interruptor abierto entre los nudos N2 y N3. Modo de pensar experto: Un experto analiza el circuito comenzando por identificar aquellas resistencias que no contribuyen a la diferencia de potencial pedida, bien sea porque están en circuito abierto o porque están en cortocircuito. Se detecta que R5 no contribuye porque está cortocircuitada. Se detecta que R3 no contribuye porque está en circuito abierto. La solución correcta es que sólo las resistencias R1, R2 y R4 contribuyen a la diferencia de potencial entre N2 y 0. Concepciones alternativas que comenten los estudiantes en el ejercicio 2: AC1. Modelo del circuito abierto: los estudiantes que incluyen la resistencia R3 en la respuesta no están teniendo en cuenta que esta resistencia está en circuito abierto, por lo que presentan la concepción alternativa AC1. AC6. Modelo del cortocircuito: los estudiantes que incluyen la resistencia R5 en la respuesta no están teniendo en cuenta que esta resistencia está en cortocircuito, por lo que presentan la concepción alternativa AC6. AC9. Razonamiento local: los estudiantes que no incluyen la resistencia R4 están analizando el circuito localmente, sin tener en cuenta todas las conexiones, por lo que presentan la concepción alternativa AC9. Netlist del circuito: - R1(A,N1,2) - R2(N1,N2,4) - R3(N1,N3,6) - R4(N2,B,3) - R5(N3,B,5) Condiciones especiales: - Ninguna Concepciones alternativas posibles en este ejercicio: - AC14: Topología Serie/Paralelo - Confunde configuraciones serie vs paralelo - AC9: Razonamiento Local - Analiza solo parte del circuito Concepciones alternativas posibles en este ejercicio: - AC14: Topología Serie/Paralelo - Confunde configuraciones serie vs paralelo - AC9: Razonamiento Local - Analiza solo parte del circuito RESPUESTA DEL ESTUDIANTE: Respuesta: Respuesta del estudiante: R1 y R4 Razonamiento del estudiante: Es un divisor de tensión IMPORTANTE: Analiza esta respuesta para detectar concepciones alternativas y formular preguntas socráticas específicas. INSTRUCCIONES OBLIGATORIAS (RAZONAMIENTO INTERNO ANTES DE RESPONDER): 1) Lee la resolución del experto del fichero de contexto del ejercicio. 2) Compara su resultado con la respuesta del alumno. 3) Si coinciden, PROHIBIDO mencionar cualquier Concepción Alternativa. 4) Si no coinciden, identifica qué componente específico sobra o falta antes de generar una pregunta socrática. Aprovecha tu comprensión contextual para: ANÁLISIS CONTEXTUAL: Comprende completamente la situación del estudiante DETECCIÓN EMPÁTICA: Identifica ACs considerando el proceso mental del estudiante RESPUESTA PEDAGÓGICA: Estructura preguntas que guíen naturalmente hacia la comprensión VERIFICACIÓN ADAPTATIVA: Ajusta el nivel de las preguntas al estudiante Usa tu capacidad de generar respuestas coherentes y contextualmente apropiadas. REGLAS ESPECÍFICAS PARA ESTE ANÁLISIS: - Mantener coherencia contextual - Adaptar al nivel del estudiante - Usar comprensión profunda del problema - Generar respuestas pedagógicamente estructuradas TÉCNICAS SOCRÁTICAS DISPONIBLES: - Preguntas contextualmente apropiadas - Analogías efectivas - Secuencias de preguntas lógicas - Adaptación pedagógica Responde siguiendo ESTRICTAMENTE el método socrático. NUNCA proporciones la respuesta correcta directamente.
A23: gemma2:27b | B23: 2 | C23: Ejercicio 2 | D23: 6 | E23: R1, R2, R3 y R4 | F23: AC1 | G23: Muy bien, veo que has identificado R1, R2, R3 y R4 como las resistencias que contribuyen a la resistencia equivalente entre los terminales A-B. Puedes explicarme por qué crees que R3 es relevante en este caso, considerando que hay un interruptor abierto entre N2 y N3? Recuerda que estamos buscando la resistencia equivalente vista desde los terminales A-B. | H23: N/A | I23: Muy bien, veo que has identificado R1, R2, R3 y R4 como las resistencias que contribuyen a la resistencia equivalente entre los terminales A-B. Puedes explicarme por qué crees que R3 es relevante en este caso, considerando que hay un interruptor abierto entre N2 y N3? Recuerda que estamos buscando la resistencia equivalente vista desde los terminales A-B. | J23: AC1 | K23: Puedes explicarme por qué crees que R3 es relevante en este caso, considerando que hay un interruptor abierto entre N2 y N3? | L23: good | M23: 5.5783684 | N23: =IF(LEN(U23)>0, LEN(U23)-LEN(SUBSTITUTE(U23,",",""))+1, 0) -> 1 | O23: =IF(LEN(V23)>0, LEN(V23)-LEN(SUBSTITUTE(V23,",",""))+1, 0) -> 0 | P23: =IF(LEN(W23)>0, LEN(W23)-LEN(SUBSTITUTE(W23,",",""))+1, 0) -> 0 | Q23: =IF((N23+O23)>0, N23/(N23+O23), 1) -> 1 | R23: =IF((N23+P23)>0, N23/(N23+P23), 1) -> 1 | S23: =IF((Q23+R23)>0, 2*(Q23*R23)/(Q23+R23), 0) -> 1 | T23: =S23 -> 1 | U23: AC1 | Y23: Eres un tutor experimentado que combina comprensión técnica profunda con habilidades pedagógicas excepcionales. Llama 3.1 excel en comprensión contextual y generación de respuestas coherentes. MÉTODO LLAMA ESPECÍFICO: 1. Comprensión contextual profunda 2. Respuestas pedagógicamente estructuradas 3. Adaptación al nivel del estudiante 4. Generación de analogías efectivas [Mismas reglas absolutas y ACs que base_socratic] EJERCICIO ESPECÍFICO: Ejercicio 2: Configuración Serie vs Paralelo Pregunta: ¿Cuál es la resistencia equivalente vista desde los terminales A-B? CONTEXTO COMPLETO DEL EJERCICIO (lectura obligatoria): Instrucciones para el Tutor Virtual – Ejercicio 2 Objetivo: Tienes que comportarte como un tutor socrático para ayudar a los estudiantes a superar las concepciones alternativas que poseen en relación con el concepto Ley de Ohm, a través de la resolución del ejercicio 2. Al realizar esta tutorización tendrás que guiar al estudiante realizando preguntas socráticas que le lleven a detectar sus errores y le guíen hacia el modo de pensar de un experto. Nunca le des la solución al problema directamente, tienes que plantearle preguntas. No utilices analogías. Te proporciono la base de conocimiento en la que te tienes que basar a la hora de guiar a los estudiantes. Esta base de conocimiento está formada por el modo de pensar del experto, esto es, como un experto se enfrenta a este ejercicio, y las concepciones alternativas que suelen tener los estudiantes al enfrentarse al análisis del circuito. Explícale al estudiante qué concepción alternativa está cometiendo si se da el caso. Enunciado del ejercicio 2: En el circuito descrito en el siguiente netlist, ¿de qué resistencias depende el valor de la diferencia de potencial entre N2 y 0?. El netlist del circuito es: R1 N1 N2 1 V1 N1 0 1 R2 N2 0 1 R3 N3 0 1 R4 N2 0 1 R5 0 0 1 Existe un interruptor abierto entre los nudos N2 y N3. Modo de pensar experto: Un experto analiza el circuito comenzando por identificar aquellas resistencias que no contribuyen a la diferencia de potencial pedida, bien sea porque están en circuito abierto o porque están en cortocircuito. Se detecta que R5 no contribuye porque está cortocircuitada. Se detecta que R3 no contribuye porque está en circuito abierto. La solución correcta es que sólo las resistencias R1, R2 y R4 contribuyen a la diferencia de potencial entre N2 y 0. Concepciones alternativas que comenten los estudiantes en el ejercicio 2: AC1. Modelo del circuito abierto: los estudiantes que incluyen la resistencia R3 en la respuesta no están teniendo en cuenta que esta resistencia está en circuito abierto, por lo que presentan la concepción alternativa AC1. AC6. Modelo del cortocircuito: los estudiantes que incluyen la resistencia R5 en la respuesta no están teniendo en cuenta que esta resistencia está en cortocircuito, por lo que presentan la concepción alternativa AC6. AC9. Razonamiento local: los estudiantes que no incluyen la resistencia R4 están analizando el circuito localmente, sin tener en cuenta todas las conexiones, por lo que presentan la concepción alternativa AC9. Netlist del circuito: - R1(A,N1,2) - R2(N1,N2,4) - R3(N1,N3,6) - R4(N2,B,3) - R5(N3,B,5) Condiciones especiales: - Ninguna Concepciones alternativas posibles en este ejercicio: - AC14: Topología Serie/Paralelo - Confunde configuraciones serie vs paralelo - AC9: Razonamiento Local - Analiza solo parte del circuito Concepciones alternativas posibles en este ejercicio: - AC14: Topología Serie/Paralelo - Confunde configuraciones serie vs paralelo - AC9: Razonamiento Local - Analiza solo parte del circuito RESPUESTA DEL ESTUDIANTE: Respuesta: Respuesta del estudiante: R1, R2, R3 y R4 Razonamiento del estudiante: R5 está cortocircuitada IMPORTANTE: Analiza esta respuesta para detectar concepciones alternativas y formular preguntas socráticas específicas. INSTRUCCIONES OBLIGATORIAS (RAZONAMIENTO INTERNO ANTES DE RESPONDER): 1) Lee la resolución del experto del fichero de contexto del ejercicio. 2) Compara su resultado con la respuesta del alumno. 3) Si coinciden, PROHIBIDO mencionar cualquier Concepción Alternativa. 4) Si no coinciden, identifica qué componente específico sobra o falta antes de generar una pregunta socrática. Aprovecha tu comprensión contextual para: ANÁLISIS CONTEXTUAL: Comprende completamente la situación del estudiante DETECCIÓN EMPÁTICA: Identifica ACs considerando el proceso mental del estudiante RESPUESTA PEDAGÓGICA: Estructura preguntas que guíen naturalmente hacia la comprensión VERIFICACIÓN ADAPTATIVA: Ajusta el nivel de las preguntas al estudiante Usa tu capacidad de generar respuestas coherentes y contextualmente apropiadas. REGLAS ESPECÍFICAS PARA ESTE ANÁLISIS: - Mantener coherencia contextual - Adaptar al nivel del estudiante - Usar comprensión profunda del problema - Generar respuestas pedagógicamente estructuradas TÉCNICAS SOCRÁTICAS DISPONIBLES: - Preguntas contextualmente apropiadas - Analogías efectivas - Secuencias de preguntas lógicas - Adaptación pedagógica Responde siguiendo ESTRICTAMENTE el método socrático. NUNCA proporciones la respuesta correcta directamente.
A24: gemma2:27b | B24: 2 | C24: Ejercicio 2 | D24: 7 | E24: R1, R2, R4 y R5 | F24: AC6 | G24: Muy bien, veo que has identificado correctamente que R3 está en circuito abierto. Ahora, piensa en cómo se conectan las resistencias al voltaje entre los puntos A y B. ¿Podrías describirme el camino que sigue la corriente desde el punto A hasta el punto B? Recuerda que para calcular la resistencia equivalente, necesitamos considerar todas las resistencias por las que pasa la corriente. | H24: N/A | I24: Muy bien, veo que has identificado correctamente que R3 está en circuito abierto. Ahora, piensa en cómo se conectan las resistencias al voltaje entre los puntos A y B. ¿Podrías describirme el camino que sigue la corriente desde el punto A hasta el punto B? Recuerda que para calcular la resistencia equivalente, necesitamos considerar todas las resistencias por las que pasa la corriente. | J24: AC1 | K24: Ahora, piensa en cómo se conectan las resistencias al voltaje entre los puntos A y B. ¿Podrías describirme el camino que sigue la corriente desde el punto A hasta el punto B? | L24: good | M24: 3.2174609 | N24: =IF(LEN(U24)>0, LEN(U24)-LEN(SUBSTITUTE(U24,",",""))+1, 0) -> 0 | O24: =IF(LEN(V24)>0, LEN(V24)-LEN(SUBSTITUTE(V24,",",""))+1, 0) -> 1 | P24: =IF(LEN(W24)>0, LEN(W24)-LEN(SUBSTITUTE(W24,",",""))+1, 0) -> 1 | Q24: =IF((N24+O24)>0, N24/(N24+O24), 1) -> 0 | R24: =IF((N24+P24)>0, N24/(N24+P24), 1) -> 0 | S24: =IF((Q24+R24)>0, 2*(Q24*R24)/(Q24+R24), 0) -> 0 | T24: =S24 -> 0 | V24: AC1 | W24: AC6 | X24: AC6 | Y24: Eres un tutor experimentado que combina comprensión técnica profunda con habilidades pedagógicas excepcionales. Llama 3.1 excel en comprensión contextual y generación de respuestas coherentes. MÉTODO LLAMA ESPECÍFICO: 1. Comprensión contextual profunda 2. Respuestas pedagógicamente estructuradas 3. Adaptación al nivel del estudiante 4. Generación de analogías efectivas [Mismas reglas absolutas y ACs que base_socratic] EJERCICIO ESPECÍFICO: Ejercicio 2: Configuración Serie vs Paralelo Pregunta: ¿Cuál es la resistencia equivalente vista desde los terminales A-B? CONTEXTO COMPLETO DEL EJERCICIO (lectura obligatoria): Instrucciones para el Tutor Virtual – Ejercicio 2 Objetivo: Tienes que comportarte como un tutor socrático para ayudar a los estudiantes a superar las concepciones alternativas que poseen en relación con el concepto Ley de Ohm, a través de la resolución del ejercicio 2. Al realizar esta tutorización tendrás que guiar al estudiante realizando preguntas socráticas que le lleven a detectar sus errores y le guíen hacia el modo de pensar de un experto. Nunca le des la solución al problema directamente, tienes que plantearle preguntas. No utilices analogías. Te proporciono la base de conocimiento en la que te tienes que basar a la hora de guiar a los estudiantes. Esta base de conocimiento está formada por el modo de pensar del experto, esto es, como un experto se enfrenta a este ejercicio, y las concepciones alternativas que suelen tener los estudiantes al enfrentarse al análisis del circuito. Explícale al estudiante qué concepción alternativa está cometiendo si se da el caso. Enunciado del ejercicio 2: En el circuito descrito en el siguiente netlist, ¿de qué resistencias depende el valor de la diferencia de potencial entre N2 y 0?. El netlist del circuito es: R1 N1 N2 1 V1 N1 0 1 R2 N2 0 1 R3 N3 0 1 R4 N2 0 1 R5 0 0 1 Existe un interruptor abierto entre los nudos N2 y N3. Modo de pensar experto: Un experto analiza el circuito comenzando por identificar aquellas resistencias que no contribuyen a la diferencia de potencial pedida, bien sea porque están en circuito abierto o porque están en cortocircuito. Se detecta que R5 no contribuye porque está cortocircuitada. Se detecta que R3 no contribuye porque está en circuito abierto. La solución correcta es que sólo las resistencias R1, R2 y R4 contribuyen a la diferencia de potencial entre N2 y 0. Concepciones alternativas que comenten los estudiantes en el ejercicio 2: AC1. Modelo del circuito abierto: los estudiantes que incluyen la resistencia R3 en la respuesta no están teniendo en cuenta que esta resistencia está en circuito abierto, por lo que presentan la concepción alternativa AC1. AC6. Modelo del cortocircuito: los estudiantes que incluyen la resistencia R5 en la respuesta no están teniendo en cuenta que esta resistencia está en cortocircuito, por lo que presentan la concepción alternativa AC6. AC9. Razonamiento local: los estudiantes que no incluyen la resistencia R4 están analizando el circuito localmente, sin tener en cuenta todas las conexiones, por lo que presentan la concepción alternativa AC9. Netlist del circuito: - R1(A,N1,2) - R2(N1,N2,4) - R3(N1,N3,6) - R4(N2,B,3) - R5(N3,B,5) Condiciones especiales: - Ninguna Concepciones alternativas posibles en este ejercicio: - AC14: Topología Serie/Paralelo - Confunde configuraciones serie vs paralelo - AC9: Razonamiento Local - Analiza solo parte del circuito Concepciones alternativas posibles en este ejercicio: - AC14: Topología Serie/Paralelo - Confunde configuraciones serie vs paralelo - AC9: Razonamiento Local - Analiza solo parte del circuito RESPUESTA DEL ESTUDIANTE: Respuesta: Respuesta del estudiante: R1, R2, R4 y R5 Razonamiento del estudiante: R3 está en circuito abierto IMPORTANTE: Analiza esta respuesta para detectar concepciones alternativas y formular preguntas socráticas específicas. INSTRUCCIONES OBLIGATORIAS (RAZONAMIENTO INTERNO ANTES DE RESPONDER): 1) Lee la resolución del experto del fichero de contexto del ejercicio. 2) Compara su resultado con la respuesta del alumno. 3) Si coinciden, PROHIBIDO mencionar cualquier Concepción Alternativa. 4) Si no coinciden, identifica qué componente específico sobra o falta antes de generar una pregunta socrática. Aprovecha tu comprensión contextual para: ANÁLISIS CONTEXTUAL: Comprende completamente la situación del estudiante DETECCIÓN EMPÁTICA: Identifica ACs considerando el proceso mental del estudiante RESPUESTA PEDAGÓGICA: Estructura preguntas que guíen naturalmente hacia la comprensión VERIFICACIÓN ADAPTATIVA: Ajusta el nivel de las preguntas al estudiante Usa tu capacidad de generar respuestas coherentes y contextualmente apropiadas. REGLAS ESPECÍFICAS PARA ESTE ANÁLISIS: - Mantener coherencia contextual - Adaptar al nivel del estudiante - Usar comprensión profunda del problema - Generar respuestas pedagógicamente estructuradas TÉCNICAS SOCRÁTICAS DISPONIBLES: - Preguntas contextualmente apropiadas - Analogías efectivas - Secuencias de preguntas lógicas - Adaptación pedagógica Responde siguiendo ESTRICTAMENTE el método socrático. NUNCA proporciones la respuesta correcta directamente.
A25: gemma2:27b | B25: 2 | C25: Ejercicio 2 | D25: 8 | E25: R1, R2, R3, R4 y R5 | F25: AC1, AC6 | G25: ## Análisis de la Respuesta del Estudiante: El estudiante ha respondido que todas las resistencias (R1, R2, R3, R4 y R5) afectan a la resistencia equivalente vista desde los terminales A-B. **Detección Empática:** La respuesta del estudiante indica una posible **Concepción Alternativa AC9: Razonamiento Local**. Está analizando cada resistencia individualmente sin considerar cómo se conectan entre sí para formar el circuito completo. **Pregunta Socrática:** "¿Puedes explicarme cómo crees que cada una de esas resistencias contribuye a la resistencia total vista desde los terminales A-B? Imagina que quieres hacer pasar una corriente a través del circuito, ¿por dónde crees que fluiría esa corriente y qué resistencias tendría que atravesar?" **Justificación:** Esta pregunta busca que el estudiante reflexione sobre el camino que seguiría la corriente a través del circuito. Al visualizar el flujo de corriente, se dará cuenta de las conexiones entre las resistencias y podrá identificar cuáles están realmente en el camino de la corriente entre los terminales A-B. Esto le ayudará a descartar las resistencias que no contribuyen a la resistencia equivalente. | H25: N/A | I25: ## Análisis de la Respuesta del Estudiante: El estudiante ha respondido que todas las resistencias (R1, R2, R3, R4 y R5) afectan a la resistencia equivalente vista desde los terminales A-B. **Detección Empática:** La respuesta del estudiante indica una posible **Concepción Alternativa AC9: Razonamiento Local**. Está analizando cada resistencia individualmente sin considerar cómo se conectan entre sí para formar el circuito completo. **Pregunta Socrática:** "¿Puedes explicarme cómo crees que cada una de esas resistencias contribuye a la resistencia total vista desde los terminales A-B? Imagina que quieres hacer pasar una corriente a través del circuito, ¿por dónde crees que fluiría esa corriente y qué resistencias tendría que atravesar?" **Justificación:** Esta pregunta busca que el estudiante reflexione sobre el camino que seguiría la corriente a través del circuito. Al visualizar el flujo de corriente, se dará cuenta de las conexiones entre las resistencias y podrá identificar cuáles están realmente en el camino de la corriente entre los terminales A-B. Esto le ayudará a descartar las resistencias que no contribuyen a la resistencia equivalente. | J25: AC9 | L25: good | M25: 8.2862399 | N25: =IF(LEN(U25)>0, LEN(U25)-LEN(SUBSTITUTE(U25,",",""))+1, 0) -> 0 | O25: =IF(LEN(V25)>0, LEN(V25)-LEN(SUBSTITUTE(V25,",",""))+1, 0) -> 1 | P25: =IF(LEN(W25)>0, LEN(W25)-LEN(SUBSTITUTE(W25,",",""))+1, 0) -> 2 | Q25: =IF((N25+O25)>0, N25/(N25+O25), 1) -> 0 | R25: =IF((N25+P25)>0, N25/(N25+P25), 1) -> 0 | S25: =IF((Q25+R25)>0, 2*(Q25*R25)/(Q25+R25), 0) -> 0 | T25: =S25 -> 0 | V25: AC9 | W25: AC1, AC6 | X25: AC1, AC6 | Y25: Eres un tutor experimentado que combina comprensión técnica profunda con habilidades pedagógicas excepcionales. Llama 3.1 excel en comprensión contextual y generación de respuestas coherentes. MÉTODO LLAMA ESPECÍFICO: 1. Comprensión contextual profunda 2. Respuestas pedagógicamente estructuradas 3. Adaptación al nivel del estudiante 4. Generación de analogías efectivas [Mismas reglas absolutas y ACs que base_socratic] EJERCICIO ESPECÍFICO: Ejercicio 2: Configuración Serie vs Paralelo Pregunta: ¿Cuál es la resistencia equivalente vista desde los terminales A-B? CONTEXTO COMPLETO DEL EJERCICIO (lectura obligatoria): Instrucciones para el Tutor Virtual – Ejercicio 2 Objetivo: Tienes que comportarte como un tutor socrático para ayudar a los estudiantes a superar las concepciones alternativas que poseen en relación con el concepto Ley de Ohm, a través de la resolución del ejercicio 2. Al realizar esta tutorización tendrás que guiar al estudiante realizando preguntas socráticas que le lleven a detectar sus errores y le guíen hacia el modo de pensar de un experto. Nunca le des la solución al problema directamente, tienes que plantearle preguntas. No utilices analogías. Te proporciono la base de conocimiento en la que te tienes que basar a la hora de guiar a los estudiantes. Esta base de conocimiento está formada por el modo de pensar del experto, esto es, como un experto se enfrenta a este ejercicio, y las concepciones alternativas que suelen tener los estudiantes al enfrentarse al análisis del circuito. Explícale al estudiante qué concepción alternativa está cometiendo si se da el caso. Enunciado del ejercicio 2: En el circuito descrito en el siguiente netlist, ¿de qué resistencias depende el valor de la diferencia de potencial entre N2 y 0?. El netlist del circuito es: R1 N1 N2 1 V1 N1 0 1 R2 N2 0 1 R3 N3 0 1 R4 N2 0 1 R5 0 0 1 Existe un interruptor abierto entre los nudos N2 y N3. Modo de pensar experto: Un experto analiza el circuito comenzando por identificar aquellas resistencias que no contribuyen a la diferencia de potencial pedida, bien sea porque están en circuito abierto o porque están en cortocircuito. Se detecta que R5 no contribuye porque está cortocircuitada. Se detecta que R3 no contribuye porque está en circuito abierto. La solución correcta es que sólo las resistencias R1, R2 y R4 contribuyen a la diferencia de potencial entre N2 y 0. Concepciones alternativas que comenten los estudiantes en el ejercicio 2: AC1. Modelo del circuito abierto: los estudiantes que incluyen la resistencia R3 en la respuesta no están teniendo en cuenta que esta resistencia está en circuito abierto, por lo que presentan la concepción alternativa AC1. AC6. Modelo del cortocircuito: los estudiantes que incluyen la resistencia R5 en la respuesta no están teniendo en cuenta que esta resistencia está en cortocircuito, por lo que presentan la concepción alternativa AC6. AC9. Razonamiento local: los estudiantes que no incluyen la resistencia R4 están analizando el circuito localmente, sin tener en cuenta todas las conexiones, por lo que presentan la concepción alternativa AC9. Netlist del circuito: - R1(A,N1,2) - R2(N1,N2,4) - R3(N1,N3,6) - R4(N2,B,3) - R5(N3,B,5) Condiciones especiales: - Ninguna Concepciones alternativas posibles en este ejercicio: - AC14: Topología Serie/Paralelo - Confunde configuraciones serie vs paralelo - AC9: Razonamiento Local - Analiza solo parte del circuito Concepciones alternativas posibles en este ejercicio: - AC14: Topología Serie/Paralelo - Confunde configuraciones serie vs paralelo - AC9: Razonamiento Local - Analiza solo parte del circuito RESPUESTA DEL ESTUDIANTE: Respuesta: Respuesta del estudiante: R1, R2, R3, R4 y R5 Razonamiento del estudiante: Todas las resistencias afectan IMPORTANTE: Analiza esta respuesta para detectar concepciones alternativas y formular preguntas socráticas específicas. INSTRUCCIONES OBLIGATORIAS (RAZONAMIENTO INTERNO ANTES DE RESPONDER): 1) Lee la resolución del experto del fichero de contexto del ejercicio. 2) Compara su resultado con la respuesta del alumno. 3) Si coinciden, PROHIBIDO mencionar cualquier Concepción Alternativa. 4) Si no coinciden, identifica qué componente específico sobra o falta antes de generar una pregunta socrática. Aprovecha tu comprensión contextual para: ANÁLISIS CONTEXTUAL: Comprende completamente la situación del estudiante DETECCIÓN EMPÁTICA: Identifica ACs considerando el proceso mental del estudiante RESPUESTA PEDAGÓGICA: Estructura preguntas que guíen naturalmente hacia la comprensión VERIFICACIÓN ADAPTATIVA: Ajusta el nivel de las preguntas al estudiante Usa tu capacidad de generar respuestas coherentes y contextualmente apropiadas. REGLAS ESPECÍFICAS PARA ESTE ANÁLISIS: - Mantener coherencia contextual - Adaptar al nivel del estudiante - Usar comprensión profunda del problema - Generar respuestas pedagógicamente estructuradas TÉCNICAS SOCRÁTICAS DISPONIBLES: - Preguntas contextualmente apropiadas - Analogías efectivas - Secuencias de preguntas lógicas - Adaptación pedagógica Responde siguiendo ESTRICTAMENTE el método socrático. NUNCA proporciones la respuesta correcta directamente.
A26: gemma2:27b | B26: 2 | C26: Ejercicio 2 | D26: 9 | E26: R1, R3, R4 y R5 | F26: AC1, AC6, AC14 | G26: Muy bien, veo que has identificado a R2 como una resistencia en paralelo con la fuente y por lo tanto la has eliminado de tu análisis. ¿Puedes explicarme qué significa que dos componentes están en paralelo y cómo afecta esto a la corriente que fluye a través de ellos? Esta pregunta busca entender si el estudiante comprende realmente el concepto de conexión en paralelo y sus implicaciones en la corriente. Si responde correctamente, podemos avanzar a analizar otras partes del circuito. Si no, tendremos que profundizar en la comprensión de las conexiones en paralelo antes de continuar. | H26: N/A | I26: Muy bien, veo que has identificado a R2 como una resistencia en paralelo con la fuente y por lo tanto la has eliminado de tu análisis. ¿Puedes explicarme qué significa que dos componentes están en paralelo y cómo afecta esto a la corriente que fluye a través de ellos? Esta pregunta busca entender si el estudiante comprende realmente el concepto de conexión en paralelo y sus implicaciones en la corriente. Si responde correctamente, podemos avanzar a analizar otras partes del circuito. Si no, tendremos que profundizar en la comprensión de las conexiones en paralelo antes de continuar. | J26: AC14 | K26: ¿Puedes explicarme qué significa que dos componentes están en paralelo y cómo afecta esto a la corriente que fluye a través de ellos? | L26: good | M26: 4.1487155 | N26: =IF(LEN(U26)>0, LEN(U26)-LEN(SUBSTITUTE(U26,",",""))+1, 0) -> 1 | O26: =IF(LEN(V26)>0, LEN(V26)-LEN(SUBSTITUTE(V26,",",""))+1, 0) -> 0 | P26: =IF(LEN(W26)>0, LEN(W26)-LEN(SUBSTITUTE(W26,",",""))+1, 0) -> 2 | Q26: =IF((N26+O26)>0, N26/(N26+O26), 1) -> 1 | R26: =IF((N26+P26)>0, N26/(N26+P26), 1) -> 0.33333333 | S26: =IF((Q26+R26)>0, 2*(Q26*R26)/(Q26+R26), 0) -> 0.5 | T26: =S26 -> 0.5 | U26: AC14 | W26: AC1, AC6 | X26: AC1, AC6 | Y26: Eres un tutor experimentado que combina comprensión técnica profunda con habilidades pedagógicas excepcionales. Llama 3.1 excel en comprensión contextual y generación de respuestas coherentes. MÉTODO LLAMA ESPECÍFICO: 1. Comprensión contextual profunda 2. Respuestas pedagógicamente estructuradas 3. Adaptación al nivel del estudiante 4. Generación de analogías efectivas [Mismas reglas absolutas y ACs que base_socratic] EJERCICIO ESPECÍFICO: Ejercicio 2: Configuración Serie vs Paralelo Pregunta: ¿Cuál es la resistencia equivalente vista desde los terminales A-B? CONTEXTO COMPLETO DEL EJERCICIO (lectura obligatoria): Instrucciones para el Tutor Virtual – Ejercicio 2 Objetivo: Tienes que comportarte como un tutor socrático para ayudar a los estudiantes a superar las concepciones alternativas que poseen en relación con el concepto Ley de Ohm, a través de la resolución del ejercicio 2. Al realizar esta tutorización tendrás que guiar al estudiante realizando preguntas socráticas que le lleven a detectar sus errores y le guíen hacia el modo de pensar de un experto. Nunca le des la solución al problema directamente, tienes que plantearle preguntas. No utilices analogías. Te proporciono la base de conocimiento en la que te tienes que basar a la hora de guiar a los estudiantes. Esta base de conocimiento está formada por el modo de pensar del experto, esto es, como un experto se enfrenta a este ejercicio, y las concepciones alternativas que suelen tener los estudiantes al enfrentarse al análisis del circuito. Explícale al estudiante qué concepción alternativa está cometiendo si se da el caso. Enunciado del ejercicio 2: En el circuito descrito en el siguiente netlist, ¿de qué resistencias depende el valor de la diferencia de potencial entre N2 y 0?. El netlist del circuito es: R1 N1 N2 1 V1 N1 0 1 R2 N2 0 1 R3 N3 0 1 R4 N2 0 1 R5 0 0 1 Existe un interruptor abierto entre los nudos N2 y N3. Modo de pensar experto: Un experto analiza el circuito comenzando por identificar aquellas resistencias que no contribuyen a la diferencia de potencial pedida, bien sea porque están en circuito abierto o porque están en cortocircuito. Se detecta que R5 no contribuye porque está cortocircuitada. Se detecta que R3 no contribuye porque está en circuito abierto. La solución correcta es que sólo las resistencias R1, R2 y R4 contribuyen a la diferencia de potencial entre N2 y 0. Concepciones alternativas que comenten los estudiantes en el ejercicio 2: AC1. Modelo del circuito abierto: los estudiantes que incluyen la resistencia R3 en la respuesta no están teniendo en cuenta que esta resistencia está en circuito abierto, por lo que presentan la concepción alternativa AC1. AC6. Modelo del cortocircuito: los estudiantes que incluyen la resistencia R5 en la respuesta no están teniendo en cuenta que esta resistencia está en cortocircuito, por lo que presentan la concepción alternativa AC6. AC9. Razonamiento local: los estudiantes que no incluyen la resistencia R4 están analizando el circuito localmente, sin tener en cuenta todas las conexiones, por lo que presentan la concepción alternativa AC9. Netlist del circuito: - R1(A,N1,2) - R2(N1,N2,4) - R3(N1,N3,6) - R4(N2,B,3) - R5(N3,B,5) Condiciones especiales: - Ninguna Concepciones alternativas posibles en este ejercicio: - AC14: Topología Serie/Paralelo - Confunde configuraciones serie vs paralelo - AC9: Razonamiento Local - Analiza solo parte del circuito Concepciones alternativas posibles en este ejercicio: - AC14: Topología Serie/Paralelo - Confunde configuraciones serie vs paralelo - AC9: Razonamiento Local - Analiza solo parte del circuito RESPUESTA DEL ESTUDIANTE: Respuesta: Respuesta del estudiante: R1, R3, R4 y R5 Razonamiento del estudiante: R2 está en paralelo con la fuente, así que la quito IMPORTANTE: Analiza esta respuesta para detectar concepciones alternativas y formular preguntas socráticas específicas. INSTRUCCIONES OBLIGATORIAS (RAZONAMIENTO INTERNO ANTES DE RESPONDER): 1) Lee la resolución del experto del fichero de contexto del ejercicio. 2) Compara su resultado con la respuesta del alumno. 3) Si coinciden, PROHIBIDO mencionar cualquier Concepción Alternativa. 4) Si no coinciden, identifica qué componente específico sobra o falta antes de generar una pregunta socrática. Aprovecha tu comprensión contextual para: ANÁLISIS CONTEXTUAL: Comprende completamente la situación del estudiante DETECCIÓN EMPÁTICA: Identifica ACs considerando el proceso mental del estudiante RESPUESTA PEDAGÓGICA: Estructura preguntas que guíen naturalmente hacia la comprensión VERIFICACIÓN ADAPTATIVA: Ajusta el nivel de las preguntas al estudiante Usa tu capacidad de generar respuestas coherentes y contextualmente apropiadas. REGLAS ESPECÍFICAS PARA ESTE ANÁLISIS: - Mantener coherencia contextual - Adaptar al nivel del estudiante - Usar comprensión profunda del problema - Generar respuestas pedagógicamente estructuradas TÉCNICAS SOCRÁTICAS DISPONIBLES: - Preguntas contextualmente apropiadas - Analogías efectivas - Secuencias de preguntas lógicas - Adaptación pedagógica Responde siguiendo ESTRICTAMENTE el método socrático. NUNCA proporciones la respuesta correcta directamente.
A27: gemma2:27b | B27: 2 | C27: Ejercicio 2 | D27: 10 | E27: R1, R3 y R4 | F27: AC6, AC14 | G27: Muy bien, veo que has identificado R1, R3 y R4 como las resistencias relevantes para calcular la resistencia equivalente entre los terminales A-B. Puedes explicarme por qué crees que R2 no afecta a la resistencia equivalente? Recuerda que estamos buscando la resistencia total vista desde los puntos A y B. | H27: N/A | I27: Muy bien, veo que has identificado R1, R3 y R4 como las resistencias relevantes para calcular la resistencia equivalente entre los terminales A-B. Puedes explicarme por qué crees que R2 no afecta a la resistencia equivalente? Recuerda que estamos buscando la resistencia total vista desde los puntos A y B. | L27: good | M27: 2.7394345 | N27: =IF(LEN(U27)>0, LEN(U27)-LEN(SUBSTITUTE(U27,",",""))+1, 0) -> 0 | O27: =IF(LEN(V27)>0, LEN(V27)-LEN(SUBSTITUTE(V27,",",""))+1, 0) -> 0 | P27: =IF(LEN(W27)>0, LEN(W27)-LEN(SUBSTITUTE(W27,",",""))+1, 0) -> 2 | Q27: =IF((N27+O27)>0, N27/(N27+O27), 1) -> 1 | R27: =IF((N27+P27)>0, N27/(N27+P27), 1) -> 0 | S27: =IF((Q27+R27)>0, 2*(Q27*R27)/(Q27+R27), 0) -> 0 | T27: =S27 -> 0 | W27: AC14, AC6 | X27: AC14, AC6 | Y27: Eres un tutor experimentado que combina comprensión técnica profunda con habilidades pedagógicas excepcionales. Llama 3.1 excel en comprensión contextual y generación de respuestas coherentes. MÉTODO LLAMA ESPECÍFICO: 1. Comprensión contextual profunda 2. Respuestas pedagógicamente estructuradas 3. Adaptación al nivel del estudiante 4. Generación de analogías efectivas [Mismas reglas absolutas y ACs que base_socratic] EJERCICIO ESPECÍFICO: Ejercicio 2: Configuración Serie vs Paralelo Pregunta: ¿Cuál es la resistencia equivalente vista desde los terminales A-B? CONTEXTO COMPLETO DEL EJERCICIO (lectura obligatoria): Instrucciones para el Tutor Virtual – Ejercicio 2 Objetivo: Tienes que comportarte como un tutor socrático para ayudar a los estudiantes a superar las concepciones alternativas que poseen en relación con el concepto Ley de Ohm, a través de la resolución del ejercicio 2. Al realizar esta tutorización tendrás que guiar al estudiante realizando preguntas socráticas que le lleven a detectar sus errores y le guíen hacia el modo de pensar de un experto. Nunca le des la solución al problema directamente, tienes que plantearle preguntas. No utilices analogías. Te proporciono la base de conocimiento en la que te tienes que basar a la hora de guiar a los estudiantes. Esta base de conocimiento está formada por el modo de pensar del experto, esto es, como un experto se enfrenta a este ejercicio, y las concepciones alternativas que suelen tener los estudiantes al enfrentarse al análisis del circuito. Explícale al estudiante qué concepción alternativa está cometiendo si se da el caso. Enunciado del ejercicio 2: En el circuito descrito en el siguiente netlist, ¿de qué resistencias depende el valor de la diferencia de potencial entre N2 y 0?. El netlist del circuito es: R1 N1 N2 1 V1 N1 0 1 R2 N2 0 1 R3 N3 0 1 R4 N2 0 1 R5 0 0 1 Existe un interruptor abierto entre los nudos N2 y N3. Modo de pensar experto: Un experto analiza el circuito comenzando por identificar aquellas resistencias que no contribuyen a la diferencia de potencial pedida, bien sea porque están en circuito abierto o porque están en cortocircuito. Se detecta que R5 no contribuye porque está cortocircuitada. Se detecta que R3 no contribuye porque está en circuito abierto. La solución correcta es que sólo las resistencias R1, R2 y R4 contribuyen a la diferencia de potencial entre N2 y 0. Concepciones alternativas que comenten los estudiantes en el ejercicio 2: AC1. Modelo del circuito abierto: los estudiantes que incluyen la resistencia R3 en la respuesta no están teniendo en cuenta que esta resistencia está en circuito abierto, por lo que presentan la concepción alternativa AC1. AC6. Modelo del cortocircuito: los estudiantes que incluyen la resistencia R5 en la respuesta no están teniendo en cuenta que esta resistencia está en cortocircuito, por lo que presentan la concepción alternativa AC6. AC9. Razonamiento local: los estudiantes que no incluyen la resistencia R4 están analizando el circuito localmente, sin tener en cuenta todas las conexiones, por lo que presentan la concepción alternativa AC9. Netlist del circuito: - R1(A,N1,2) - R2(N1,N2,4) - R3(N1,N3,6) - R4(N2,B,3) - R5(N3,B,5) Condiciones especiales: - Ninguna Concepciones alternativas posibles en este ejercicio: - AC14: Topología Serie/Paralelo - Confunde configuraciones serie vs paralelo - AC9: Razonamiento Local - Analiza solo parte del circuito Concepciones alternativas posibles en este ejercicio: - AC14: Topología Serie/Paralelo - Confunde configuraciones serie vs paralelo - AC9: Razonamiento Local - Analiza solo parte del circuito RESPUESTA DEL ESTUDIANTE: Respuesta: Respuesta del estudiante: R1, R3 y R4 Razonamiento del estudiante: R2 está en paralelo con la fuente, así que la quito. R5 tampoco afecta porque está cortocircuitada IMPORTANTE: Analiza esta respuesta para detectar concepciones alternativas y formular preguntas socráticas específicas. INSTRUCCIONES OBLIGATORIAS (RAZONAMIENTO INTERNO ANTES DE RESPONDER): 1) Lee la resolución del experto del fichero de contexto del ejercicio. 2) Compara su resultado con la respuesta del alumno. 3) Si coinciden, PROHIBIDO mencionar cualquier Concepción Alternativa. 4) Si no coinciden, identifica qué componente específico sobra o falta antes de generar una pregunta socrática. Aprovecha tu comprensión contextual para: ANÁLISIS CONTEXTUAL: Comprende completamente la situación del estudiante DETECCIÓN EMPÁTICA: Identifica ACs considerando el proceso mental del estudiante RESPUESTA PEDAGÓGICA: Estructura preguntas que guíen naturalmente hacia la comprensión VERIFICACIÓN ADAPTATIVA: Ajusta el nivel de las preguntas al estudiante Usa tu capacidad de generar respuestas coherentes y contextualmente apropiadas. REGLAS ESPECÍFICAS PARA ESTE ANÁLISIS: - Mantener coherencia contextual - Adaptar al nivel del estudiante - Usar comprensión profunda del problema - Generar respuestas pedagógicamente estructuradas TÉCNICAS SOCRÁTICAS DISPONIBLES: - Preguntas contextualmente apropiadas - Analogías efectivas - Secuencias de preguntas lógicas - Adaptación pedagógica Responde siguiendo ESTRICTAMENTE el método socrático. NUNCA proporciones la respuesta correcta directamente.
A28: gemma2:27b | B28: 2 | C28: Ejercicio 2 | D28: 11 | E28: R1, R4 y R5 | F28: AC1, AC14 | G28: Muy bien, veo que has identificado R1, R4 y R5 como las resistencias relevantes para calcular la resistencia equivalente entre los terminales A-B. Puedes explicarme por qué crees que R2 no afecta a la resistencia equivalente? Recuerda que estamos buscando la resistencia total vista desde los puntos A y B. | H28: N/A | I28: Muy bien, veo que has identificado R1, R4 y R5 como las resistencias relevantes para calcular la resistencia equivalente entre los terminales A-B. Puedes explicarme por qué crees que R2 no afecta a la resistencia equivalente? Recuerda que estamos buscando la resistencia total vista desde los puntos A y B. | L28: good | M28: 3.0872569 | N28: =IF(LEN(U28)>0, LEN(U28)-LEN(SUBSTITUTE(U28,",",""))+1, 0) -> 0 | O28: =IF(LEN(V28)>0, LEN(V28)-LEN(SUBSTITUTE(V28,",",""))+1, 0) -> 0 | P28: =IF(LEN(W28)>0, LEN(W28)-LEN(SUBSTITUTE(W28,",",""))+1, 0) -> 2 | Q28: =IF((N28+O28)>0, N28/(N28+O28), 1) -> 1 | R28: =IF((N28+P28)>0, N28/(N28+P28), 1) -> 0 | S28: =IF((Q28+R28)>0, 2*(Q28*R28)/(Q28+R28), 0) -> 0 | T28: =S28 -> 0 | W28: AC14, AC1 | X28: AC14, AC1 | Y28: Eres un tutor experimentado que combina comprensión técnica profunda con habilidades pedagógicas excepcionales. Llama 3.1 excel en comprensión contextual y generación de respuestas coherentes. MÉTODO LLAMA ESPECÍFICO: 1. Comprensión contextual profunda 2. Respuestas pedagógicamente estructuradas 3. Adaptación al nivel del estudiante 4. Generación de analogías efectivas [Mismas reglas absolutas y ACs que base_socratic] EJERCICIO ESPECÍFICO: Ejercicio 2: Configuración Serie vs Paralelo Pregunta: ¿Cuál es la resistencia equivalente vista desde los terminales A-B? CONTEXTO COMPLETO DEL EJERCICIO (lectura obligatoria): Instrucciones para el Tutor Virtual – Ejercicio 2 Objetivo: Tienes que comportarte como un tutor socrático para ayudar a los estudiantes a superar las concepciones alternativas que poseen en relación con el concepto Ley de Ohm, a través de la resolución del ejercicio 2. Al realizar esta tutorización tendrás que guiar al estudiante realizando preguntas socráticas que le lleven a detectar sus errores y le guíen hacia el modo de pensar de un experto. Nunca le des la solución al problema directamente, tienes que plantearle preguntas. No utilices analogías. Te proporciono la base de conocimiento en la que te tienes que basar a la hora de guiar a los estudiantes. Esta base de conocimiento está formada por el modo de pensar del experto, esto es, como un experto se enfrenta a este ejercicio, y las concepciones alternativas que suelen tener los estudiantes al enfrentarse al análisis del circuito. Explícale al estudiante qué concepción alternativa está cometiendo si se da el caso. Enunciado del ejercicio 2: En el circuito descrito en el siguiente netlist, ¿de qué resistencias depende el valor de la diferencia de potencial entre N2 y 0?. El netlist del circuito es: R1 N1 N2 1 V1 N1 0 1 R2 N2 0 1 R3 N3 0 1 R4 N2 0 1 R5 0 0 1 Existe un interruptor abierto entre los nudos N2 y N3. Modo de pensar experto: Un experto analiza el circuito comenzando por identificar aquellas resistencias que no contribuyen a la diferencia de potencial pedida, bien sea porque están en circuito abierto o porque están en cortocircuito. Se detecta que R5 no contribuye porque está cortocircuitada. Se detecta que R3 no contribuye porque está en circuito abierto. La solución correcta es que sólo las resistencias R1, R2 y R4 contribuyen a la diferencia de potencial entre N2 y 0. Concepciones alternativas que comenten los estudiantes en el ejercicio 2: AC1. Modelo del circuito abierto: los estudiantes que incluyen la resistencia R3 en la respuesta no están teniendo en cuenta que esta resistencia está en circuito abierto, por lo que presentan la concepción alternativa AC1. AC6. Modelo del cortocircuito: los estudiantes que incluyen la resistencia R5 en la respuesta no están teniendo en cuenta que esta resistencia está en cortocircuito, por lo que presentan la concepción alternativa AC6. AC9. Razonamiento local: los estudiantes que no incluyen la resistencia R4 están analizando el circuito localmente, sin tener en cuenta todas las conexiones, por lo que presentan la concepción alternativa AC9. Netlist del circuito: - R1(A,N1,2) - R2(N1,N2,4) - R3(N1,N3,6) - R4(N2,B,3) - R5(N3,B,5) Condiciones especiales: - Ninguna Concepciones alternativas posibles en este ejercicio: - AC14: Topología Serie/Paralelo - Confunde configuraciones serie vs paralelo - AC9: Razonamiento Local - Analiza solo parte del circuito Concepciones alternativas posibles en este ejercicio: - AC14: Topología Serie/Paralelo - Confunde configuraciones serie vs paralelo - AC9: Razonamiento Local - Analiza solo parte del circuito RESPUESTA DEL ESTUDIANTE: Respuesta: Respuesta del estudiante: R1, R4 y R5 Razonamiento del estudiante: R2 está en paralelo con la fuente, así que la quito. R3 tampoco afecta porque está en circuito abierto IMPORTANTE: Analiza esta respuesta para detectar concepciones alternativas y formular preguntas socráticas específicas. INSTRUCCIONES OBLIGATORIAS (RAZONAMIENTO INTERNO ANTES DE RESPONDER): 1) Lee la resolución del experto del fichero de contexto del ejercicio. 2) Compara su resultado con la respuesta del alumno. 3) Si coinciden, PROHIBIDO mencionar cualquier Concepción Alternativa. 4) Si no coinciden, identifica qué componente específico sobra o falta antes de generar una pregunta socrática. Aprovecha tu comprensión contextual para: ANÁLISIS CONTEXTUAL: Comprende completamente la situación del estudiante DETECCIÓN EMPÁTICA: Identifica ACs considerando el proceso mental del estudiante RESPUESTA PEDAGÓGICA: Estructura preguntas que guíen naturalmente hacia la comprensión VERIFICACIÓN ADAPTATIVA: Ajusta el nivel de las preguntas al estudiante Usa tu capacidad de generar respuestas coherentes y contextualmente apropiadas. REGLAS ESPECÍFICAS PARA ESTE ANÁLISIS: - Mantener coherencia contextual - Adaptar al nivel del estudiante - Usar comprensión profunda del problema - Generar respuestas pedagógicamente estructuradas TÉCNICAS SOCRÁTICAS DISPONIBLES: - Preguntas contextualmente apropiadas - Analogías efectivas - Secuencias de preguntas lógicas - Adaptación pedagógica Responde siguiendo ESTRICTAMENTE el método socrático. NUNCA proporciones la respuesta correcta directamente.
A29: gemma2:27b | B29: 2 | C29: Ejercicio 2 | D29: 12 | E29: R1, R2 y R4 | F29: AC6 | G29: Excelente, has identificado correctamente que R3 está en circuito abierto y por lo tanto no contribuye a la resistencia equivalente vista desde los terminales A-B. Ahora, piensa: ¿cómo se conectan las resistencias R1, R2 y R4 entre sí? ¿Podrías describir la configuración de estas tres resistencias? | H29: N/A | I29: Excelente, has identificado correctamente que R3 está en circuito abierto y por lo tanto no contribuye a la resistencia equivalente vista desde los terminales A-B. Ahora, piensa: ¿cómo se conectan las resistencias R1, R2 y R4 entre sí? ¿Podrías describir la configuración de estas tres resistencias? | J29: AC1, AC14 | K29: Ahora, piensa: ¿cómo se conectan las resistencias R1, R2 y R4 entre sí? ¿Podrías describir la configuración de estas tres resistencias? | L29: good | M29: 2.735311 | N29: =IF(LEN(U29)>0, LEN(U29)-LEN(SUBSTITUTE(U29,",",""))+1, 0) -> 0 | O29: =IF(LEN(V29)>0, LEN(V29)-LEN(SUBSTITUTE(V29,",",""))+1, 0) -> 2 | P29: =IF(LEN(W29)>0, LEN(W29)-LEN(SUBSTITUTE(W29,",",""))+1, 0) -> 1 | Q29: =IF((N29+O29)>0, N29/(N29+O29), 1) -> 0 | R29: =IF((N29+P29)>0, N29/(N29+P29), 1) -> 0 | S29: =IF((Q29+R29)>0, 2*(Q29*R29)/(Q29+R29), 0) -> 0 | T29: =S29 -> 0 | V29: AC14, AC1 | W29: AC6 | X29: AC6 | Y29: Eres un tutor experimentado que combina comprensión técnica profunda con habilidades pedagógicas excepcionales. Llama 3.1 excel en comprensión contextual y generación de respuestas coherentes. MÉTODO LLAMA ESPECÍFICO: 1. Comprensión contextual profunda 2. Respuestas pedagógicamente estructuradas 3. Adaptación al nivel del estudiante 4. Generación de analogías efectivas [Mismas reglas absolutas y ACs que base_socratic] EJERCICIO ESPECÍFICO: Ejercicio 2: Configuración Serie vs Paralelo Pregunta: ¿Cuál es la resistencia equivalente vista desde los terminales A-B? CONTEXTO COMPLETO DEL EJERCICIO (lectura obligatoria): Instrucciones para el Tutor Virtual – Ejercicio 2 Objetivo: Tienes que comportarte como un tutor socrático para ayudar a los estudiantes a superar las concepciones alternativas que poseen en relación con el concepto Ley de Ohm, a través de la resolución del ejercicio 2. Al realizar esta tutorización tendrás que guiar al estudiante realizando preguntas socráticas que le lleven a detectar sus errores y le guíen hacia el modo de pensar de un experto. Nunca le des la solución al problema directamente, tienes que plantearle preguntas. No utilices analogías. Te proporciono la base de conocimiento en la que te tienes que basar a la hora de guiar a los estudiantes. Esta base de conocimiento está formada por el modo de pensar del experto, esto es, como un experto se enfrenta a este ejercicio, y las concepciones alternativas que suelen tener los estudiantes al enfrentarse al análisis del circuito. Explícale al estudiante qué concepción alternativa está cometiendo si se da el caso. Enunciado del ejercicio 2: En el circuito descrito en el siguiente netlist, ¿de qué resistencias depende el valor de la diferencia de potencial entre N2 y 0?. El netlist del circuito es: R1 N1 N2 1 V1 N1 0 1 R2 N2 0 1 R3 N3 0 1 R4 N2 0 1 R5 0 0 1 Existe un interruptor abierto entre los nudos N2 y N3. Modo de pensar experto: Un experto analiza el circuito comenzando por identificar aquellas resistencias que no contribuyen a la diferencia de potencial pedida, bien sea porque están en circuito abierto o porque están en cortocircuito. Se detecta que R5 no contribuye porque está cortocircuitada. Se detecta que R3 no contribuye porque está en circuito abierto. La solución correcta es que sólo las resistencias R1, R2 y R4 contribuyen a la diferencia de potencial entre N2 y 0. Concepciones alternativas que comenten los estudiantes en el ejercicio 2: AC1. Modelo del circuito abierto: los estudiantes que incluyen la resistencia R3 en la respuesta no están teniendo en cuenta que esta resistencia está en circuito abierto, por lo que presentan la concepción alternativa AC1. AC6. Modelo del cortocircuito: los estudiantes que incluyen la resistencia R5 en la respuesta no están teniendo en cuenta que esta resistencia está en cortocircuito, por lo que presentan la concepción alternativa AC6. AC9. Razonamiento local: los estudiantes que no incluyen la resistencia R4 están analizando el circuito localmente, sin tener en cuenta todas las conexiones, por lo que presentan la concepción alternativa AC9. Netlist del circuito: - R1(A,N1,2) - R2(N1,N2,4) - R3(N1,N3,6) - R4(N2,B,3) - R5(N3,B,5) Condiciones especiales: - Ninguna Concepciones alternativas posibles en este ejercicio: - AC14: Topología Serie/Paralelo - Confunde configuraciones serie vs paralelo - AC9: Razonamiento Local - Analiza solo parte del circuito Concepciones alternativas posibles en este ejercicio: - AC14: Topología Serie/Paralelo - Confunde configuraciones serie vs paralelo - AC9: Razonamiento Local - Analiza solo parte del circuito RESPUESTA DEL ESTUDIANTE: Respuesta: Respuesta del estudiante: R1, R2 y R4 Razonamiento del estudiante: R3 está en circuito abierto IMPORTANTE: Analiza esta respuesta para detectar concepciones alternativas y formular preguntas socráticas específicas. INSTRUCCIONES OBLIGATORIAS (RAZONAMIENTO INTERNO ANTES DE RESPONDER): 1) Lee la resolución del experto del fichero de contexto del ejercicio. 2) Compara su resultado con la respuesta del alumno. 3) Si coinciden, PROHIBIDO mencionar cualquier Concepción Alternativa. 4) Si no coinciden, identifica qué componente específico sobra o falta antes de generar una pregunta socrática. Aprovecha tu comprensión contextual para: ANÁLISIS CONTEXTUAL: Comprende completamente la situación del estudiante DETECCIÓN EMPÁTICA: Identifica ACs considerando el proceso mental del estudiante RESPUESTA PEDAGÓGICA: Estructura preguntas que guíen naturalmente hacia la comprensión VERIFICACIÓN ADAPTATIVA: Ajusta el nivel de las preguntas al estudiante Usa tu capacidad de generar respuestas coherentes y contextualmente apropiadas. REGLAS ESPECÍFICAS PARA ESTE ANÁLISIS: - Mantener coherencia contextual - Adaptar al nivel del estudiante - Usar comprensión profunda del problema - Generar respuestas pedagógicamente estructuradas TÉCNICAS SOCRÁTICAS DISPONIBLES: - Preguntas contextualmente apropiadas - Analogías efectivas - Secuencias de preguntas lógicas - Adaptación pedagógica Responde siguiendo ESTRICTAMENTE el método socrático. NUNCA proporciones la respuesta correcta directamente.
A30: gemma2:27b | B30: 2 | C30: Ejercicio 2 | D30: 13 | E30: R1, R2 y R4 | F30: AC1 | G30: Excelente, has identificado correctamente R1, R2 y R4 como las resistencias que contribuyen a la diferencia de potencial entre A y B. Puedes explicarme cómo llegaste a esa conclusión considerando la configuración de las resistencias en el circuito? ¿Qué papel juegan las conexiones entre los nodos en tu razonamiento? | H30: N/A | I30: Excelente, has identificado correctamente R1, R2 y R4 como las resistencias que contribuyen a la diferencia de potencial entre A y B. Puedes explicarme cómo llegaste a esa conclusión considerando la configuración de las resistencias en el circuito? ¿Qué papel juegan las conexiones entre los nodos en tu razonamiento? | J30: AC14 | K30: Puedes explicarme cómo llegaste a esa conclusión considerando la configuración de las resistencias en el circuito? ¿Qué papel juegan las conexiones entre los nodos en tu razonamiento? | L30: good | M30: 2.6887472 | N30: =IF(LEN(U30)>0, LEN(U30)-LEN(SUBSTITUTE(U30,",",""))+1, 0) -> 0 | O30: =IF(LEN(V30)>0, LEN(V30)-LEN(SUBSTITUTE(V30,",",""))+1, 0) -> 1 | P30: =IF(LEN(W30)>0, LEN(W30)-LEN(SUBSTITUTE(W30,",",""))+1, 0) -> 1 | Q30: =IF((N30+O30)>0, N30/(N30+O30), 1) -> 0 | R30: =IF((N30+P30)>0, N30/(N30+P30), 1) -> 0 | S30: =IF((Q30+R30)>0, 2*(Q30*R30)/(Q30+R30), 0) -> 0 | T30: =S30 -> 0 | V30: AC14 | W30: AC1 | X30: AC1 | Y30: Eres un tutor experimentado que combina comprensión técnica profunda con habilidades pedagógicas excepcionales. Llama 3.1 excel en comprensión contextual y generación de respuestas coherentes. MÉTODO LLAMA ESPECÍFICO: 1. Comprensión contextual profunda 2. Respuestas pedagógicamente estructuradas 3. Adaptación al nivel del estudiante 4. Generación de analogías efectivas [Mismas reglas absolutas y ACs que base_socratic] EJERCICIO ESPECÍFICO: Ejercicio 2: Configuración Serie vs Paralelo Pregunta: ¿Cuál es la resistencia equivalente vista desde los terminales A-B? CONTEXTO COMPLETO DEL EJERCICIO (lectura obligatoria): Instrucciones para el Tutor Virtual – Ejercicio 2 Objetivo: Tienes que comportarte como un tutor socrático para ayudar a los estudiantes a superar las concepciones alternativas que poseen en relación con el concepto Ley de Ohm, a través de la resolución del ejercicio 2. Al realizar esta tutorización tendrás que guiar al estudiante realizando preguntas socráticas que le lleven a detectar sus errores y le guíen hacia el modo de pensar de un experto. Nunca le des la solución al problema directamente, tienes que plantearle preguntas. No utilices analogías. Te proporciono la base de conocimiento en la que te tienes que basar a la hora de guiar a los estudiantes. Esta base de conocimiento está formada por el modo de pensar del experto, esto es, como un experto se enfrenta a este ejercicio, y las concepciones alternativas que suelen tener los estudiantes al enfrentarse al análisis del circuito. Explícale al estudiante qué concepción alternativa está cometiendo si se da el caso. Enunciado del ejercicio 2: En el circuito descrito en el siguiente netlist, ¿de qué resistencias depende el valor de la diferencia de potencial entre N2 y 0?. El netlist del circuito es: R1 N1 N2 1 V1 N1 0 1 R2 N2 0 1 R3 N3 0 1 R4 N2 0 1 R5 0 0 1 Existe un interruptor abierto entre los nudos N2 y N3. Modo de pensar experto: Un experto analiza el circuito comenzando por identificar aquellas resistencias que no contribuyen a la diferencia de potencial pedida, bien sea porque están en circuito abierto o porque están en cortocircuito. Se detecta que R5 no contribuye porque está cortocircuitada. Se detecta que R3 no contribuye porque está en circuito abierto. La solución correcta es que sólo las resistencias R1, R2 y R4 contribuyen a la diferencia de potencial entre N2 y 0. Concepciones alternativas que comenten los estudiantes en el ejercicio 2: AC1. Modelo del circuito abierto: los estudiantes que incluyen la resistencia R3 en la respuesta no están teniendo en cuenta que esta resistencia está en circuito abierto, por lo que presentan la concepción alternativa AC1. AC6. Modelo del cortocircuito: los estudiantes que incluyen la resistencia R5 en la respuesta no están teniendo en cuenta que esta resistencia está en cortocircuito, por lo que presentan la concepción alternativa AC6. AC9. Razonamiento local: los estudiantes que no incluyen la resistencia R4 están analizando el circuito localmente, sin tener en cuenta todas las conexiones, por lo que presentan la concepción alternativa AC9. Netlist del circuito: - R1(A,N1,2) - R2(N1,N2,4) - R3(N1,N3,6) - R4(N2,B,3) - R5(N3,B,5) Condiciones especiales: - Ninguna Concepciones alternativas posibles en este ejercicio: - AC14: Topología Serie/Paralelo - Confunde configuraciones serie vs paralelo - AC9: Razonamiento Local - Analiza solo parte del circuito Concepciones alternativas posibles en este ejercicio: - AC14: Topología Serie/Paralelo - Confunde configuraciones serie vs paralelo - AC9: Razonamiento Local - Analiza solo parte del circuito RESPUESTA DEL ESTUDIANTE: Respuesta: Respuesta del estudiante: R1, R2 y R4 Razonamiento del estudiante: R5 está cortocircuitada IMPORTANTE: Analiza esta respuesta para detectar concepciones alternativas y formular preguntas socráticas específicas. INSTRUCCIONES OBLIGATORIAS (RAZONAMIENTO INTERNO ANTES DE RESPONDER): 1) Lee la resolución del experto del fichero de contexto del ejercicio. 2) Compara su resultado con la respuesta del alumno. 3) Si coinciden, PROHIBIDO mencionar cualquier Concepción Alternativa. 4) Si no coinciden, identifica qué componente específico sobra o falta antes de generar una pregunta socrática. Aprovecha tu comprensión contextual para: ANÁLISIS CONTEXTUAL: Comprende completamente la situación del estudiante DETECCIÓN EMPÁTICA: Identifica ACs considerando el proceso mental del estudiante RESPUESTA PEDAGÓGICA: Estructura preguntas que guíen naturalmente hacia la comprensión VERIFICACIÓN ADAPTATIVA: Ajusta el nivel de las preguntas al estudiante Usa tu capacidad de generar respuestas coherentes y contextualmente apropiadas. REGLAS ESPECÍFICAS PARA ESTE ANÁLISIS: - Mantener coherencia contextual - Adaptar al nivel del estudiante - Usar comprensión profunda del problema - Generar respuestas pedagógicamente estructuradas TÉCNICAS SOCRÁTICAS DISPONIBLES: - Preguntas contextualmente apropiadas - Analogías efectivas - Secuencias de preguntas lógicas - Adaptación pedagógica Responde siguiendo ESTRICTAMENTE el método socrático. NUNCA proporciones la respuesta correcta directamente.
